Workbook

Sheet Sheet 1
A1: district_name | B1: type_name | C1: area_ha | D1: year
A2: Ahmadabad | B2: Bare areas | C2: 151.4012 | D2: 2017
A3: Ahmadabad | B3: Bare areas | C3: 120.2597 | D3: 2016
A4: Ahmadabad | B4: Bare areas | C4: 186.2974 | D4: 2018
A5: Ahmadabad | B5: Bare areas | C5: 149.6811 | D5: 2015
A6: Ahmadabad | B6: Bare areas | C6: 160.6177 | D6: 2020
A7: Ahmadabad | B7: Bare areas | C7: 326.6477 | D7: 2022
A8: Ahmadabad | B8: Bare areas | C8: 178.167 | D8: 2019
A9: Ahmadabad | B9: Bare areas | C9: 205.6365 | D9: 2021
A10: Ahmadabad | B10: Closed deciduous broadleaved forest | C10: 6716.457 | D10: 2019
A11: Ahmadabad | B11: Closed deciduous broadleaved forest | C11: 4734.792 | D11: 2020
A12: Ahmadabad | B12: Closed deciduous broadleaved forest | C12: 6633.458 | D12: 2018
A13: Ahmadabad | B13: Closed deciduous broadleaved forest | C13: 7347.824 | D13: 2015
... A4275: Valsad | B4275: Water body | C4275: 2698.059 | D4275: 2020

Sheet Old Satellite Data
A1: c | C1: year
A2: district_name | B2: type_name | C2: 2015 | D2: 2016 | E2: 2017 | F2: 2018 | G2: 2019 | H2: 2020 | I2: 2021 | J2: 2022 | K2: Grand Total
A3: Ahmadabad | B3: Bare areas | C3: 149.6811 | D3: 120.2597 | E3: 151.4012 | F3: 186.2974 | G3: 178.167 | H3: 160.6177 | I3: 205.6365 | J3: 326.6477 | K3: 1478.7083
B4: Closed deciduous broadleaved forest | C4: 7347.824 | D4: 6983.03 | E4: 6564.012 | F4: 6633.458 | G4: 6716.457 | H4: 4734.792 | I4: 3986.956 | J4: 4100.883 | K4: 47067.412
B5: Closed evergreen broadleaved forest | C5: 0.923507 | D5: 0.923507 | K5: 1.847014
B6: Closed evergreen needle-leaved forest | C6: 4.590198 | G6: 2.75303 | I6: 5.505937 | J6: 2.753359 | K6: 15.602524
B7: Consolidated bare areas | C7: 0.917022 | F7: 4.572985 | G7: 3.674177 | H7: 2.75235 | I7: 8.253731 | J7: 3.672839 | K7: 23.843104
B8: Deciduous shrubland | C8: 448.1351 | D8: 615.2162 | E8: 444.4746 | F8: 319.5869 | G8: 351.6785 | H8: 351.6043 | I8: 335.0885 | J8: 433.4529 | K8: 3299.237
B9: Flooded flat | C9: 6220.503 | D9: 6938.865 | E9: 7171.394 | F9: 8230.258 | G9: 8310.349 | H9: 8389.824 | I9: 6427.168 | J9: 6079.341 | K9: 57767.702
B10: Grassland | C10: 20884.28 | D10: 20514.22 | E10: 18395.59 | F10: 18865.97 | G10: 19856.44 | H10: 17788.52 | I10: 18645.17 | J10: 18052.8 | K10: 153002.99
B11: Herbaceous cover cropland | C11: 16205.27 | D11: 16442.33 | E11: 17175.16 | F11: 15978 | G11: 16047.98 | H11: 15273.94 | I11: 15043.55 | J11: 15100.75 | K11: 127266.98
B12: Impervious surfaces | C12: 46515.16 | D12: 47142.37 | E12: 48149.71 | F12: 47793.7 | G12: 48312.87 | H12: 48108.91 | I12: 48451.08 | J12: 48503.74 | K12: 382977.54
B13: Irrigated cropland | C13: 189098 | D13: 187490.2 | E13: 187706.8 | F13: 185315.3 | G13: 186363.8 | H13: 198757.6 | I13: 204782.8 | J13: 205713.4 | K13: 1545227.9
B14: Mangrove | E14: 9.214536 | F14: 2.764018 | G14: 0.921352 | I14: 2.763703 | J14: 1.842516 | K14: 17.506125
B15: Marsh | C15: 3562.288 | D15: 3525.226 | E15: 2795.348 | F15: 3110.482 | G15: 3632.993 | H15: 3866.17 | I15: 2719.939 | J15: 3087.903 | K15: 26300.349
B16: Open deciduous broadleaved forest | C16: 58.01703 | D16: 39.59624 | E16: 43.3112 | F16: 38.7009 | G16: 64.5098 | H16: 41.46728 | I16: 44.20073 | J16: 41.4317 | K16: 371.23488
B17: Open deciduous needle-leaved forest | C17: 4.607705 | D17: 2.766876 | E17: 2.760566 | F17: 2.766409 | G17: 10.10841 | H17: 9.182305 | I17: 10.1163 | J17: 15.65649 | K17: 57.965061
B18: Open evergreen broadleaved forest | C18: 160.3212 | D18: 163.0731 | E18: 183.3618 | F18: 103.1949 | G18: 75.50146 | H18: 81.06997 | I18: 126.3015 | J18: 143.824 | K18: 1036.6479
B19: Open evergreen needle-leaved forest | C19: 219.1283 | D19: 199.0717 | E19: 185.352 | F19: 140.1257 | G19: 105.0418 | H19: 141.9648 | I19: 202.7519 | J19: 198.2274 | K19: 1391.6636
B20: Open mixed leaf forest | C20: 276.4018 | D20: 284.7412 | E20: 301.3576 | F20: 176.8543 | G20: 220.1731 | H20: 219.206 | I20: 282.0131 | J20: 278.346 | K20: 2039.0931
B21: Rainfed cropland | C21: 472387.2 | D21: 473477.2 | E21: 475701.5 | F21: 479408.3 | G21: 474642.1 | H21: 465613.3 | I21: 459779.7 | J21: 459838.3 | K21: 3760847.6
B22: Shrubland | C22: 3886.975 | D22: 3183.942 | E22: 2729.314 | F22: 2990.223 | G22: 4281.405 | H22: 5126.907 | I22: 5769.957 | J22: 5373.06 | K22: 33341.783
B23: Sparse vegetation | C23: 2528.606 | D23: 2827.531 | E23: 2749.504 | F23: 2212.924 | G23: 2034.68 | H23: 2039.988 | I23: 1870.924 | J23: 1747.833 | K23: 18011.99
B24: Tidal flat | C24: 1082.701 | D24: 1076.259 | E24: 985.0091 | F24: 1034.783 | G24: 1073.485 | H24: 1087.328 | I24: 1105.783 | J24: 1069.848 | K24: 8515.1961
B25: Unconsolidated bare areas | C25: 20.18413 | D25: 23.84642 | E25: 14.67267 | F25: 41.27944 | G25: 29.34298 | H25: 49.49559 | I25: 43.08691 | J25: 45.84027 | K25: 267.74841
B26: Unknown | C26: 3.678916 | D26: 26.70858 | E26: 66.32674 | F26: 38.71979 | G26: 24.89389 | H26: 12.90193 | I26: 6.455204 | J26: 7.371178 | K26: 187.05623
B27: Water body | C27: 2477.589 | D27: 2465.536 | E27: 2017.364 | F27: 914.7171 | G27: 1203.593 | H27: 1685.415 | I27: 3687.74 | J27: 3376.046 | K27: 17828
A28: Ahmadabad Total | C28: 773542.98 | D28: 773542.91 | E28: 773542.94 | F28: 773542.98 | G28: 773542.92 | H28: 773542.96 | I28: 773542.94 | J28: 773542.97 | K28: 6188343.6
A29: Amreli | B29: Bare areas | C29: 40.92466 | D29: 24.17713 | E29: 31.61388 | F29: 33.4772 | G29: 51.18006 | H29: 28.8531 | I29: 27.91945 | J29: 32.55338 | K29: 270.69886
B30: Closed deciduous broadleaved forest | C30: 45010.18 | D30: 44957.99 | E30: 42051.28 | F30: 39716.8 | G30: 42639.79 | H30: 46207.27 | I30: 47346.95 | J30: 46129.82 | K30: 354060.08
B31: Closed evergreen broadleaved forest | H31: 2.790152 | K31: 2.790152
B32: Closed evergreen needle-leaved forest | J32: 0.930833 | K32: 0.930833
B33: Deciduous shrubland | C33: 404.4137 | D33: 417.4442 | E33: 368.0627 | F33: 337.351 | G33: 312.1814 | H33: 320.5503 | I33: 307.5205 | J33: 336.3855 | K33: 2803.9093
B34: Flooded flat | C34: 3996.502 | D34: 4057.174 | E34: 4047.467 | F34: 3810.046 | G34: 4153.294 | H34: 5062.22 | I34: 5047.84 | J34: 4842.32 | K34: 35016.863
B35: Grassland | C35: 2418.626 | D35: 2305.683 | E35: 2250.76 | F35: 2709.769 | G35: 2588.293 | H35: 2313.33 | I35: 2275.894 | J35: 2282.13 | K35: 19144.485
B36: Herbaceous cover cropland | C36: 3858.591 | D36: 3586.53 | E36: 3613.377 | F36: 3655.021 | G36: 4002.952 | H36: 3462.098 | I36: 3346.157 | J36: 3358.281 | K36: 28883.007
B37: Impervious surfaces | C37: 16313.37 | D37: 16643.44 | E37: 17219.83 | F37: 16483.22 | G37: 15845.5 | H37: 16303.64 | I37: 16644.72 | J37: 16479.36 | K37: 131933.08
B38: Irrigated cropland | C38: 50716.6 | D38: 50266.81 | E38: 48863.26 | F38: 48578.3 | G38: 49686.82 | H38: 49358.66 | I38: 47727.12 | J38: 47490.21 | K38: 392687.78
B39: Mangrove | C39: 81.98316 | D39: 107.1362 | E39: 105.2771 | F39: 84.78077 | G39: 104.3393 | H39: 124.8283 | I39: 103.4039 | J39: 100.6167 | K39: 812.36543
B40: Marsh | C40: 1827.458 | D40: 1633.212 | E40: 1370.186 | F40: 1364.387 | G40: 1626.586 | H40: 1873.392 | I40: 995.8488 | J40: 1047.362 | K40: 11738.432
B41: Open deciduous broadleaved forest | C41: 145.1193 | D41: 141.4045 | E41: 130.2458 | F41: 125.6329 | G41: 138.6569 | H41: 133.0737 | I41: 147.033 | J41: 139.5847 | K41: 1100.7508
B42: Open deciduous needle-leaved forest | C42: 0.928537 | H42: 0.925402 | I42: 0.926636 | J42: 3.714905 | K42: 6.49548
B43: Open evergreen broadleaved forest | C43: 1456.536 | D43: 1198.677 | E43: 1293.422 | F43: 1634.66 | G43: 1699.169 | H43: 1384.454 | I43: 1634.268 | J43: 1618.344 | K43: 11919.53
B44: Open evergreen needle-leaved forest | C44: 76.17965 | D44: 53.89131 | E44: 44.58393 | F44: 43.65903 | G44: 49.24298 | H44: 59.4542 | I44: 46.44876 | J44: 37.16016 | K44: 410.62002
B45: Open mixed leaf forest | C45: 3362.341 | D45: 3504.732 | E45: 3535.493 | F45: 4234.899 | G45: 3816.997 | H45: 3779.042 | I45: 4577.191 | J45: 4277.583 | K45: 31088.278
B46: Rainfed cropland | C46: 590984.7 | D46: 591484.7 | E46: 595150.7 | F46: 597836.8 | G46: 594608.6 | H46: 591171 | I46: 588373.2 | J46: 589945.4 | K46: 4739555.1
B47: Shrubland | C47: 9785.039 | D47: 10181.23 | E47: 10534.55 | F47: 9820.666 | G47: 9361.94 | H47: 9599.455 | I47: 11448.29 | J47: 11973.8 | K47: 82704.97
B48: Sparse vegetation | C48: 202.6268 | D48: 181.2104 | E48: 172.8986 | F48: 185.8363 | G48: 156.2106 | H48: 160.9125 | I48: 137.6732 | J48: 151.5754 | K48: 1348.9438
B49: Tidal flat | C49: 44.70471 | D49: 38.18668 | E49: 38.18502 | F49: 45.63739 | G49: 51.23146 | H49: 43.77209 | I49: 55.87939 | J49: 47.49985 | K49: 365.09659
B50: Unconsolidated bare areas | C50: 4.659251 | D50: 3.72725 | E50: 2.795519 | F50: 9.309084 | G50: 6.513319 | H50: 5.582559 | I50: 3.723529 | J50: 7.445388 | K50: 43.755899
B51: Unknown | C51: 4.655164 | D51: 22.30957 | E51: 54.79521 | F51: 35.28453 | G51: 52.04869 | H51: 16.73723 | I51: 6.508323 | J51: 13.01795 | K51: 205.35667
B52: Water body | C52: 2932.805 | D52: 2859.256 | E52: 2790.128 | F52: 2923.369 | G52: 2717.411 | H52: 2256.936 | I52: 3414.438 | J52: 3353.857 | K52: 23248.2
A53: Amreli Total | C53: 733668.94 | D53: 733668.92 | E53: 733668.91 | F53: 733668.91 | G53: 733668.96 | H53: 733668.98 | I53: 733668.95 | J53: 733668.95 | K53: 5869351.5
A54: Anand | B54: Bare areas | C54: 34.04777 | D54: 30.35149 | E54: 46.92329 | F54: 81.01012 | G54: 70.90375 | H54: 39.58789 | I54: 34.98553 | J54: 23.01734 | K54: 360.82718
B55: Closed deciduous broadleaved forest | C55: 8323.954 | D55: 8504.919 | E55: 8631.038 | F55: 8182.577 | G55: 7300.836 | H55: 6342.922 | I55: 6148.168 | J55: 6302.703 | K55: 59737.117
B56: Closed evergreen broadleaved forest | C56: 6.436357 | D56: 6.435723 | E56: 5.516749 | F56: 7.355506 | G56: 6.435579 | H56: 8.273058 | I56: 5.515777 | J56: 4.595354 | K56: 50.564103
B57: Closed evergreen needle-leaved forest | C57: 0.920508 | J57: 4.597866 | K57: 5.518374
B58: Consolidated bare areas | I58: 1.838413 | K58: 1.838413
B59: Deciduous shrubland | C59: 39.56621 | D59: 35.889 | E59: 26.68671 | F59: 13.80445 | G59: 14.7202 | H59: 18.40187 | I59: 16.56055 | J59: 26.68599 | K59: 192.31498
B60: Flooded flat | C60: 3896.638 | D60: 4239.463 | E60: 4682.771 | F60: 4902.022 | G60: 4975.634 | H60: 4497.417 | I60: 4016.498 | J60: 3602.724 | K60: 34813.167
B61: Grassland | C61: 902.9079 | D61: 891.845 | E61: 696.5142 | F61: 821.7895 | G61: 973.7891 | H61: 843.8952 | I61: 826.38 | J61: 878.9404 | K61: 6836.0613
B62: Herbaceous cover cropland | C62: 635.2113 | D62: 667.4449 | E62: 664.7097 | F62: 637.0905 | G62: 649.9594 | H62: 626.9241 | I62: 638.8671 | J62: 647.1444 | K62: 5167.3514
B63: Impervious surfaces | C63: 13323.14 | D63: 13303.76 | E63: 13117.21 | F63: 12740.45 | G63: 13402.92 | H63: 13516.08 | I63: 13154.43 | J63: 12948.31 | K63: 105506.3
B64: Irrigated cropland | C64: 210565.5 | D64: 210148.3 | E64: 210563.4 | F64: 211395.9 | G64: 211876 | H64: 213675.5 | I64: 214062.6 | J64: 213863.2 | K64: 1696150.4
B65: Mangrove | C65: 12.90392 | D65: 14.74681 | E65: 16.58859 | F65: 13.82424 | G65: 24.88104 | H65: 23.9615 | I65: 9.21754 | J65: 21.20135 | K65: 137.32499
B66: Marsh | C66: 648.1971 | D66: 648.1252 | E66: 678.5712 | F66: 826.8336 | G66: 576.3656 | H66: 545.9336 | I66: 508.2542 | J66: 479.7504 | K66: 4912.0309
B67: Open deciduous broadleaved forest | C67: 13.79875 | D67: 17.47864 | E67: 16.55903 | F67: 13.79624 | G67: 26.67693 | H67: 15.63124 | I67: 15.63633 | J67: 14.71255 | K67: 134.28971
B68: Open deciduous needle-leaved forest | C68: 0.920604 | D68: 0.920604 | F68: 0.920604 | H68: 1.841863 | K68: 4.603675
B69: Open evergreen broadleaved forest | C69: 53.33393 | D69: 44.12445 | E69: 45.06031 | F69: 30.33623 | G69: 41.37335 | H69: 46.88727 | I69: 67.1049 | J69: 64.33884 | K69: 392.55928
B70: Open evergreen needle-leaved forest | C70: 23.9333 | D70: 16.56249 | E70: 6.440468 | F70: 13.81618 | G70: 7.364325 | H70: 6.442857 | I70: 8.282824 | J70: 7.361853 | K70: 90.204297
B71: Open mixed leaf forest | C71: 13.80505 | D71: 19.32464 | E71: 17.48319 | F71: 17.47774 | G71: 36.81661 | H71: 17.49438 | I71: 17.49611 | J71: 17.4951 | K71: 157.39282
B72: Rainfed cropland | C72: 28073.2 | D72: 28227.53 | E72: 28061.67 | F72: 27815.86 | G72: 27367.28 | H72: 26761.98 | I72: 27115.52 | J72: 27519.58 | K72: 220942.62
B73: Salt marsh | G73: 0.921353 | H73: 0.921353 | I73: 0.921361 | J73: 1.842714 | K73: 4.606781
B74: Shrubland | C74: 267.0143 | D74: 210.8282 | E74: 196.1298 | F74: 189.6491 | G74: 223.7865 | H74: 205.3484 | I74: 271.687 | J74: 245.8788 | K74: 1810.3221
B75: Sparse vegetation | C75: 192.3995 | D75: 181.3597 | E75: 200.6764 | F75: 169.4093 | G75: 172.1815 | H75: 198.844 | I75: 148.1982 | J75: 162.9402 | K75: 1426.0088
B76: Tidal flat | C76: 945.5556 | D76: 648.8043 | E76: 271.8701 | F76: 253.4403 | G76: 278.3242 | H76: 374.1705 | I76: 538.2197 | J76: 653.4172 | K76: 3963.8019
B77: Unconsolidated bare areas | F77: 3.678703 | G77: 1.839012 | H77: 1.839012 | I77: 0.919933 | J77: 0.919933 | K77: 9.196593
B78: Unknown | D78: 5.523288 | E78: 10.12882 | F78: 13.81623 | G78: 6.443892 | H78: 2.760906 | I78: 0.918651 | J78: 0.918651 | K78: 40.510438
B79: Water body | C79: 2312.09 | D79: 2421.74 | E79: 2329.541 | F79: 2140.637 | G79: 2250.053 | H79: 2512.455 | I79: 2677.22 | J79: 2793.206 | K79: 19436.942
A80: Anand Total | C80: 270285.47 | D80: 270285.48 | E80: 270285.49 | F80: 270285.49 | G80: 270285.51 | H80: 270285.51 | I80: 270285.44 | J80: 270285.48 | K80: 2162283.9
A81: Banas_Kantha | B81: Bare areas | C81: 599.1582 | D81: 528.289 | E81: 597.5171 | F81: 770.3515 | G81: 526.5996 | H81: 516.7574 | I81: 662.245 | J81: 619.5593 | K81: 4820.4771
B82: Closed deciduous broadleaved forest | C82: 86578.67 | D82: 86567.28 | E82: 86797.12 | F82: 89435.16 | G82: 90744.03 | H82: 88909.49 | I82: 87360.9 | J82: 87053.77 | K82: 703446.42
B83: Closed evergreen broadleaved forest | C83: 2.72252 | D83: 2.722927 | E83: 3.630612 | F83: 1.8148 | G83: 1.8148 | H83: 2.722651 | I83: 1.8148 | J83: 1.8148 | K83: 19.05791
B84: Closed evergreen needle-leaved forest | C84: 2.722282 | D84: 14.53284 | E84: 4.53762 | F84: 4.538451 | G84: 4.53836 | H84: 4.538636 | I84: 12.71523 | J84: 10.90216 | K84: 59.025579
B85: Consolidated bare areas | F85: 0.907927 | G85: 1.814404 | I85: 3.632906 | J85: 0.907348 | K85: 7.262585
B86: Deciduous shrubland | C86: 6301.31 | D86: 7849.837 | E86: 9504.494 | F86: 9329.382 | G86: 9373.041 | H86: 9750.295 | I86: 9999.511 | J86: 10672.79 | K86: 72780.66
B87: Flooded flat | C87: 1052.349 | D87: 1135.939 | E87: 1343.774 | F87: 1248.581 | G87: 1089.721 | H87: 893.5014 | I87: 853.45 | J87: 856.9433 | K87: 8474.2587
B88: Grassland | C88: 409.8561 | D88: 644.5353 | E88: 410.6413 | F88: 419.7863 | G88: 589.7468 | H88: 493.4969 | I88: 382.5698 | J88: 388.0311 | K88: 3738.6636
B89: Herbaceous cover cropland | C89: 120999.1 | D89: 119341.9 | E89: 117781.2 | F89: 116966 | G89: 117972.4 | H89: 115869.6 | I89: 112865.6 | J89: 112073.6 | K89: 933869.4
B90: Impervious surfaces | C90: 17706.29 | D90: 17349.23 | E90: 17562.99 | F90: 17805.65 | G90: 18978.07 | H90: 17355.25 | I90: 16958.39 | J90: 16752.98 | K90: 140468.85
B91: Irrigated cropland | C91: 339221.9 | D91: 339432.6 | E91: 340118.1 | F91: 338158.6 | G91: 338389.2 | H91: 340892.2 | I91: 341793.5 | J91: 341535.5 | K91: 2719541.6
B92: Marsh | C92: 2386.465 | D92: 3221.182 | E92: 3047.752 | F92: 3398.456 | G92: 2671.803 | H92: 2274.499 | I92: 2110.917 | J92: 1533.19 | K92: 20644.264
B93: Open deciduous broadleaved forest | C93: 123.5188 | D93: 146.216 | E93: 120.7828 | F93: 118.0548 | G93: 109.8808 | H93: 99.88231 | I93: 107.1578 | J93: 103.5263 | K93: 929.01961
B94: Open evergreen broadleaved forest | C94: 841.954 | D94: 770.267 | E94: 660.3699 | F94: 586.7482 | G94: 640.3654 | H94: 627.6272 | I94: 807.4855 | J94: 782.9503 | K94: 5717.7675
B95: Open evergreen needle-leaved forest | C95: 54.50134 | D95: 74.49559 | E95: 44.51719 | F95: 33.61689 | G95: 117.1965 | H95: 88.12302 | I95: 80.8655 | J95: 109.0228 | K95: 602.33883
B96: Open mixed leaf forest | C96: 769.4337 | D96: 711.2145 | E96: 662.1712 | F96: 695.7308 | G96: 802.0053 | H96: 880.0185 | I96: 993.508 | J96: 949.9563 | K96: 6464.0383
B97: Rainfed cropland | C97: 461607.5 | D97: 460493.6 | E97: 459024.1 | F97: 459056.7 | G97: 456086 | H97: 460599.5 | I97: 463286.6 | J97: 463558.3 | K97: 3683712.3
... B103: Water body | C103: 2361.638 | D103: 2258.891 | E103: 2437.706 | F103: 1911.579 | G103: 1917.969 | H103: 1853.738 | I103: 1986.408 | J103: 2276.993 | K103: 17004.922
A104: Banas_Kantha Total | C104: 1063095.5 | D104: 1063095.6 | E104: 1063095.5 | F104: 1063095.6 | G104: 1063095.7 | H104: 1063095.6 | I104: 1063095.6 | J104: 1063095.7 | K104: 8504765
A105: Bharuch | B105: Bare areas | C105: 238.5324 | D105: 193.2274 | E105: 195.9755 | F105: 201.4917 | G105: 245.8037 | H105: 170.0669 | I105: 161.7572 | J105: 165.4592 | K105: 1572.314
...

Sheet State_Restructured
A1: Sector | B1: Sub- Sector | C1: Sub- Sector | D1: Sub- Sector | E1: Category | F1: Data Source | G1: Year | H1: Climate Type | I1: Activity Data(ha)(Area of Forest Land) | J1: Annual Change in Carbon Stock(tonnes C yr-1) | K1: Emission (Ton yr^-1)/(Conversion of C to CO2) | L1: GWP20 | M1: GWP100 | N1: CO2e GWP20 | O1: CO2e GWP100
A2: 3 Agriculture, Forestry & Other Land Use | B2: 3B Land | C2: 3B1 Forest Land | D2: 3B1a Forest Land Remaining Forest Land | E2: Annual increase in carbon stocks in biomass | F2: GLC_FCS30D | G2: 2012 | H2: Tropical Dry | I2: 2277376 | J2: 10018631 | K2: -36734980 | L2: 1 | M2: 1 | N2: =K2*L2 -> -36734980 | O2: =K2*M2 -> -36734980
A3: 3 Agriculture, Forestry & Other Land Use | B3: 3B Land | C3: 3B1 Forest Land | D3: 3B1a Forest Land Remaining Forest Land | E3: Annual increase in carbon stocks in biomass | F3: GLC_FCS30D | G3: 2013 | H3: Tropical Dry | I3: 2282452 | J3: 10040962 | K3: -36816861 | L3: 1 | M3: 1 | N3: =K3*L3 -> -36816861 | O3: =K3*M3 -> -36816861
A4: 3 Agriculture, Forestry & Other Land Use | B4: 3B Land | C4: 3B1 Forest Land | D4: 3B1a Forest Land Remaining Forest Land | E4: Annual increase in carbon stocks in biomass | F4: GLC_FCS30D | G4: 2014 | H4: Tropical Dry | I4: 2286598 | J4: 10059203 | K4: -36883743 | L4: 1 | M4: 1 | N4: =K4*L4 -> -36883743 | O4: =K4*M4 -> -36883743
A5: 3 Agriculture, Forestry & Other Land Use | B5: 3B Land | C5: 3B1 Forest Land | D5: 3B1a Forest Land Remaining Forest Land | E5: Annual increase in carbon stocks in biomass | F5: GLC_FCS30D | G5: 2015 | H5: Tropical Dry | I5: 2339971 | J5: 10293999 | K5: -37744663 | L5: 1 | M5: 1 | N5: =K5*L5 -> -37744663 | O5: =K5*M5 -> -37744663
A6: 3 Agriculture, Forestry & Other Land Use | B6: 3B Land | C6: 3B1 Forest Land | D6: 3B1a Forest Land Remaining Forest Land | E6: Annual increase in carbon stocks in biomass | F6: GLC_FCS30D | G6: 2016 | H6: Tropical Dry | I6: 2390339 | J6: 10515577 | K6: -38557117 | L6: 1 | M6: 1 | N6: =K6*L6 -> -38557117 | O6: =K6*M6 -> -38557117
A7: 3 Agriculture, Forestry & Other Land Use | B7: 3B Land | C7: 3B1 Forest Land | D7: 3B1a Forest Land Remaining Forest Land | E7: Annual increase in carbon stocks in biomass | F7: GLC_FCS30D | G7: 2017 | H7: Tropical Dry | I7: 2389332 | J7: 10511148 | K7: -38540875 | L7: 1 | M7: 1 | N7: =K7*L7 -> -38540875 | O7: =K7*M7 -> -38540875
A8: 3 Agriculture, Forestry & Other Land Use | B8: 3B Land | C8: 3B1 Forest Land | D8: 3B1a Forest Land Remaining Forest Land | E8: Annual increase in carbon stocks in biomass | F8: GLC_FCS30D | G8: 2018 | H8: Tropical Dry | I8: 2362610 | J8: 10393596 | K8: -38109852 | L8: 1 | M8: 1 | N8: =K8*L8 -> -38109852 | O8: =K8*M8 -> -38109852
A9: 3 Agriculture, Forestry & Other Land Use | B9: 3B Land | C9: 3B1 Forest Land | D9: 3B1a Forest Land Remaining Forest Land | E9: Annual increase in carbon stocks in biomass | F9: GLC_FCS30D | G9: 2019 | H9: Tropical Dry | I9: 2323416 | J9: 10221171 | K9: -37477627 | L9: 1 | M9: 1 | N9: =K9*L9 -> -37477627 | O9: =K9*M9 -> -37477627
A10: 3 Agriculture, Forestry & Other Land Use | B10: 3B Land | C10: 3B1 Forest Land | D10: 3B1a Forest Land Remaining Forest Land | E10: Annual increase in carbon stocks in biomass | F10: GLC_FCS30D | G10: 2020 | H10: Tropical Dry | I10: 2250530 | J10: 9900533.3 | K10: -36301955 | L10: 1 | M10: 1 | N10: =K10*L10 -> -36301955 | O10: =K10*M10 -> -36301955
A11: 3 Agriculture, Forestry & Other Land Use | B11: 3B Land | C11: 3B1 Forest Land | D11: 3B1a Forest Land Remaining Forest Land | E11: Annual increase in carbon stocks in biomass | F11: GLC_FCS30D | G11: 2021 | H11: Tropical Dry | I11: 2236488 | J11: 9838758.5 | K11: -36075448 | L11: 1 | M11: 1 | N11: =K11*L11 -> -36075448 | O11: =K11*M11 -> -36075448
A12: 3 Agriculture, Forestry & Other Land Use | B12: 3B Land | C12: 3B1 Forest Land | D12: 3B1a Forest Land Remaining Forest Land | E12: Annual increase in carbon stocks in biomass | F12: GLC_FCS30D | G12: 2022 | H12: Tropical Dry | I12: 2225596 | J12: 9790842.9 | K12: -35899757 | L12: 1 | M12: 1 | N12: =K12*L12 -> -35899757 | O12: =K12*M12 -> -35899757
A13: 3 Agriculture, Forestry & Other Land Use | B13: 3B Land | C13: 3B1 Forest Land | D13: 3B1a Forest Land Remaining Forest Land | E13: Annual increase in carbon stocks in biomass | F13: GLC_FCS30D | G13: 2023 | H13: Tropical Dry | I13: 0 | J13: 0 | K13: 0 | L13: 1 | M13: 1 | N13: =K13*L13 -> 0 | O13: =K13*M13 -> 0
... A60: 3 Agriculture, Forestry & Other Land Use | B60: 3B Land | C60: 3B1 Forest Land | D60: 3B1b Land Converted to Forest Land | E60: Annual change in carbon stocks in dead organic matter due to land conversion | F60: GLC_FCS30D | G60: 2022 | H60: Tropical Dry | I60: 2225596 | J60: -1143.65 | K60: 4193.38 | L60: 1 | M60: 1 | N60: =K60*L60 -> 4193.38 | O60: =K60*M60 -> 4193.38
A61: 3 Agriculture, Forestry & Other Land Use | B61: 3B Land | C61: 3B1 Forest Land | D61: 3B1b Land Converted to Forest Land | E61: Annual change in carbon stocks in dead organic matter due to land conversion | F61: GLC_FCS30D | G61: 2023 | H61: Tropical Dry | I61: 0 | K61: 0 | L61: 1 | M61: 1 | N61: =K61*L61 -> 0 | O61: =K61*M61 -> 0
A62: 3 Agriculture, Forestry & Other Land Use | B62: 3B Land | C62: 3B1 Forest Land | D62: 3B1b Land Converted to Forest Land | E62: Annual change in carbon stocks in dead organic matter due to land conversion | F62: GLC_FCS30D | G62: 2012 | H62: Tropical Moist | I62: 253042 | J62: 712.42 | K62: -2612.22 | L62: 1 | M62: 1 | N62: =K62*L62 -> -2612.22 | O62: =K62*M62 -> -2612.22
A63: 3 Agriculture, Forestry & Other Land Use | B63: 3B Land | C63: 3B1 Forest Land | D63: 3B1b Land Converted to Forest Land | E63: Annual change in carbon stocks in dead organic matter due to land conversion | F63: GLC_FCS30D | G63: 2013 | H63: Tropical Moist | I63: 253606 | J63: 59.22 | K63: -217.15 | L63: 1 | M63: 1 | N63: =K63*L63 -> -217.15 | O63: =K63*M63 -> -217.15
A64: 3 Agriculture, Forestry & Other Land Use | B64: 3B Land | C64: 3B1 Forest Land | D64: 3B1b Land Converted to Forest Land | E64: Annual change in carbon stocks in dead organic matter due to land conversion | F64: GLC_FCS30D | G64: 2014 | H64: Tropical Moist | I64: 254066 | J64: 48.37 | K64: -177.37 | L64: 1 | M64: 1 | N64: =K64*L64 -> -177.37 | O64: =K64*M64 -> -177.37
A65: 3 Agriculture, Forestry & Other Land Use | B65: 3B Land | C65: 3B1 Forest Land | D65: 3B1b Land Converted to Forest Land | E65: Annual change in carbon stocks in dead organic matter due to land conversion | F65: GLC_FCS30D | G65: 2015 | H65: Tropical Moist | I65: 259997 | J65: 622.68 | K65: -2283.16 | L65: 1 | M65: 1 | N65: =K65*L65 -> -2283.16 | O65: =K65*M65 -> -2283.16
A66: 3 Agriculture, Forestry & Other Land Use | B66: 3B Land | C66: 3B1 Forest Land | D66: 3B1b Land Converted to Forest Land | E66: Annual change in carbon stocks in dead organic matter due to land conversion | F66: GLC_FCS30D | G66: 2016 | H66: Tropical Moist | I66: 265593 | J66: 587.63 | K66: -2154.63 | L66: 1 | M66: 1 | N66: =K66*L66 -> -2154.63 | O66: =K66*M66 -> -2154.63
A67: 3 Agriculture, Forestry & Other Land Use | B67: 3B Land | C67: 3B1 Forest Land | D67: 3B1b Land Converted to Forest Land | E67: Annual change in carbon stocks in dead organic matter due to land conversion | F67: GLC_FCS30D | G67: 2017 | H67: Tropical Moist | I67: 265481 | J67: -11.75 | K67: 43.07 | L67: 1 | M67: 1 | N67: =K67*L67 -> 43.07 | O67: =K67*M67 -> 43.07
A68: 3 Agriculture, Forestry & Other Land Use | B68: 3B Land | C68: 3B1 Forest Land | D68: 3B1b Land Converted to Forest Land | E68: Annual change in carbon stocks in dead organic matter due to land conversion | F68: GLC_FCS30D | G68: 2018 | H68: Tropical Moist | I68: 262512 | J68: -311.75 | K68: 1143.07 | L68: 1 | M68: 1 | N68: =K68*L68 -> 1143.07 | O68: =K68*M68 -> 1143.07
A69: 3 Agriculture, Forestry & Other Land Use | B69: 3B Land | C69: 3B1 Forest Land | D69: 3B1b Land Converted to Forest Land | E69: Annual change in carbon stocks in dead organic matter due to land conversion | F69: GLC_FCS30D | G69: 2019 | H69: Tropical Moist | I69: 258157 | J69: -457.27 | K69: 1676.66 | L69: 1 | M69: 1 | N69: =K69*L69 -> 1676.66 | O69: =K69*M69 -> 1676.66
A70: 3 Agriculture, Forestry & Other Land Use | B70: 3B Land | C70: 3B1 Forest Land | D70: 3B1b Land Converted to Forest Land | E70: Annual change in carbon stocks in dead organic matter due to land conversion | F70: GLC_FCS30D | G70: 2020 | H70: Tropical Moist | I70: 250059 | J70: -850.33 | K70: 3117.88 | L70: 1 | M70: 1 | N70: =K70*L70 -> 3117.88 | O70: =K70*M70 -> 3117.88
A71: 3 Agriculture, Forestry & Other Land Use | B71: 3B Land | C71: 3B1 Forest Land | D71: 3B1b Land Converted to Forest Land | E71: Annual change in carbon stocks in dead organic matter due to land conversion | F71: GLC_FCS30D | G71: 2021 | H71: Tropical Moist | I71: 248499 | J71: -163.83 | K71: 600.7 | L71: 1 | M71: 1 | N71: =K71*L71 -> 600.7 | O71: =K71*M71 -> 600.7
A72: 3 Agriculture, Forestry & Other Land Use | B72: 3B Land | C72: 3B1 Forest Land | D72: 3B1b Land Converted to Forest Land | E72: Annual change in carbon stocks in dead organic matter due to land conversion | F72: GLC_FCS30D | G72: 2022 | H72: Tropical Moist | I72: 247288 | J72: -127.07 | K72: 465.93 | L72: 1 | M72: 1 | N72: =K72*L72 -> 465.93 | O72: =K72*M72 -> 465.93
A73: 3 Agriculture, Forestry & Other Land Use | B73: 3B Land | C73: 3B1 Forest Land | D73: 3B1b Land Converted to Forest Land | E73: Annual change in carbon stocks in dead organic matter due to land conversion | F73: GLC_FCS30D | G73: 2023 | H73: Tropical Moist | I73: 0 | K73: 0 | L73: 1 | M73: 1 | N73: =K73*L73 -> 0 | O73: =K73*M73 -> 0

Sheet State_Graphs
A1: Emission (Ton yr^-1)/(Conversion of C to CO2) | L1: Annual Change in Carbon Stock(tonnes C yr-1)
A2: Year | B2: Tropical Dry | C2: Tropical Moist | D2: Tropical Dry | E2: Tropical Moist | F2: Tropical Dry | G2: Tropical Moist | H2: Tropical Dry | I2: Tropical Moist | J2: Total | L2: Year | M2: Tropical Dry | N2: Tropical Moist | O2: Tropical Dry | P2: Tropical Moist | Q2: Tropical Dry | R2: Tropical Moist | S2: Tropical Dry | T2: Tropical Moist | U2: Total
A3: 2015 | B3: -37772208 | C3: -4842590.7 | D3: -37772208 | E3: -4842590.7 | F3: -901546.15 | G3: -100171.79 | H3: 1351945.2 | I3: 225467.44 | J3: =SUM(B3:I3) -> -84653902 | L3: 2015 | M3: 10301511 | N3: 1320706.6 | O3: 10301511 | P3: 1320706.6 | Q3: 245876.22 | R3: 27319.58 | S3: -368712.32 | T3: -61491.119 | U3: =SUM(M3:T3) -> 23087428
A4: 2016 | B4: -38584200 | C4: -4946692.3 | D4: -811992.29 | E4: -104101.58 | F4: -19380.612 | G4: -2153.4014 | H4: 29062.878 | I4: 4846.8922 | J4: =SUM(B4:I4) -> -44434610 | L4: 2016 | M4: 10522964 | N4: 1349097.9 | O4: 221452.44 | P4: 28391.339 | Q4: 5285.6216 | R4: 587.29129 | S4: -7926.2394 | T4: -1321.8797 | U4: =SUM(M4:T4) -> 12118530
A5: 2017 | B5: -38563562 | C5: -4944046.5 | D5: 20637.666 | E5: 2645.8547 | F5: 492.57933 | G5: 54.731036 | H5: -738.66462 | I5: -123.18903 | J5: =SUM(B5:I5) -> -43484640 | L5: 2017 | M5: 10517335 | N5: 1348376.3 | O5: -5628.4545 | P5: -721.59673 | Q5: -134.33982 | R5: -14.926646 | S5: 201.45399 | T5: 33.597009 | U5: =SUM(M5:T5) -> 11859447
A6: 2018 | B6: -38126400 | C6: -4888000.1 | D6: 437161.93 | E6: 56046.402 | F6: 10434.171 | G6: 1159.3523 | H6: -15646.927 | I6: -2609.4789 | J6: =SUM(B6:I6) -> -42527855 | L6: 2018 | M6: 10398109 | N6: 1333090.9 | O6: -119225.98 | P6: -15285.382 | Q6: -2845.6829 | R6: -316.18699 | S6: 4267.3436 | T6: 711.67608 | U6: =SUM(M6:T6) -> 11598506
A7: 2019 | B7: -37493278 | C7: -4806830.6 | D7: 633122.1 | E7: 81169.5 | F7: 15111.343 | G7: 1679.0381 | H7: -22660.745 | I7: -3779.1918 | J7: =SUM(B7:I7) -> -41595467 | L7: 2019 | M7: 10225440 | N7: 1310953.8 | O7: -172669.66 | P7: -22137.136 | Q7: -4121.2754 | R7: -457.91949 | S7: 6180.2031 | T7: 1030.6887 | U7: =SUM(M7:T7) -> 11344218
A8: 2020 | B8: -36319834 | C8: -4656389 | D8: 1173444.1 | E8: 150441.55 | F8: 28007.735 | G8: 3111.9705 | H8: -41999.981 | I8: -7004.4469 | J8: =SUM(B8:I8) -> -39670222 | L8: 2020 | M8: 9905409.3 | N8: 1269924.3 | O8: -320030.2 | P8: -41029.513 | Q8: -7638.4731 | R8: -848.71923 | S8: 11454.54 | T8: 1910.3037 | U8: =SUM(M8:T8) -> 10819152
A9: 2021 | B9: -36096359 | C9: -4627738.3 | D9: 223475.75 | E9: 28650.738 | F9: 5333.9139 | G9: 592.6571 | H9: -7998.6578 | I9: -1333.9571 | J9: =SUM(B9:I9) -> -40475376 | L9: 2021 | M9: 9844461.4 | N9: 1262110.4 | O9: -60947.933 | P9: -7813.8375 | Q9: -1454.7038 | R9: -161.63376 | S9: 2181.4521 | T9: 363.80649 | U9: =SUM(M9:T9) -> 11038739
A10: 2022 | B10: -35920331 | C10: -4605170.6 | D10: 176027.69 | E10: 22567.652 | F10: 4201.4246 | G10: 466.82495 | H10: -6300.3937 | I10: -1050.7332 | J10: =SUM(B10:I10) -> -40329589 | L10: 2022 | M10: 9796453.9 | N10: 1255955.6 | O10: -48007.551 | P10: -6154.8142 | Q10: -1145.8431 | R10: -127.3159 | S10: 1718.2892 | T10: 286.56359 | U10: =SUM(M10:T10) -> 10998979
A13: CO2e GWP20/GWP100(tonnes CO₂e/year) | L13: Annual Change in Crabon Stocks(tonnes C/year)
A14: Year | B14: Emissions(tonnes CO₂e/year) | L14: Year | M14: Forest Land
A15: 2015 | B15: =J3 -> -84653902 | L15: 2015 | M15: =U3 -> 23087428
A16: 2016 | B16: =J4 -> -44434610 | L16: 2016 | M16: =U4 -> 12118530
A17: 2017 | B17: =J5 -> -43484640 | L17: 2017 | M17: =U5 -> 11859447
A18: 2018 | B18: =J6 -> -42527855 | L18: 2018 | M18: =U6 -> 11598506
A19: 2019 | B19: =J7 -> -41595467 | L19: 2019 | M19: =U7 -> 11344218
A20: 2020 | B20: =J8 -> -39670222 | L20: 2020 | M20: =U8 -> 10819152
A21: 2021 | B21: =J9 -> -40475376 | L21: 2021 | M21: =U9 -> 11038739
A22: 2022 | B22: =J10 -> -40329589 | L22: 2022 | M22: =U10 -> 10998979

Sheet Dist_Wise Restructured
A1: Sector | B1: Sub- Sector | C1: Sub- Sector | D1: Sub- Sector | E1: Category | F1: Data Source | G1: District | H1: Year | I1: Climate Type | J1: Activity Data(ha)(Area of Forest Land) | K1: Annual Change in Carbon Stock(tonnes C yr-1) | L1: Emission (Ton yr^-1)/(Conversion of C to CO2) | M1: GWP20 | N1: GWP100 | O1: CO2e GWP20 | P1: CO2e GWP100
A2: 3 Agriculture, Forestry & Other Land Use | B2: 3B Land | C2: 3B1 Forest Land | D2: 3B1a Forest Land Remaining Forest Land | E2: Annual increase in carbon stocks in biomass | F2: GLC_FCS30D | G2: Ahmadabad Total | H2: 2012 | I2: Tropical Dry | J2: 6770 | K2: 29781.98 | L2: -109200.58 | M2: 1 | N2: 1 | O2: =L2*M2 -> -109200.58 | P2: =L2*N2 -> -109200.58
A3: 3 Agriculture, Forestry & Other Land Use | B3: 3B Land | C3: 3B1 Forest Land | D3: 3B1a Forest Land Remaining Forest Land | E3: Annual increase in carbon stocks in biomass | F3: GLC_FCS30D | G3: Ahmadabad Total | H3: 2013 | I3: Tropical Dry | J3: 7056 | K3: 31039.86 | L3: -113812.83 | M3: 1 | N3: 1 | O3: =L3*M3 -> -113812.83 | P3: =L3*N3 -> -113812.83
A4: 3 Agriculture, Forestry & Other Land Use | B4: 3B Land | C4: 3B1 Forest Land | D4: 3B1a Forest Land Remaining Forest Land | E4: Annual increase in carbon stocks in biomass | F4: GLC_FCS30D | G4: Ahmadabad Total | H4: 2014 | I4: Tropical Dry | J4: 6759 | K4: 29733.67 | L4: -109023.44 | M4: 1 | N4: 1 | O4: =L4*M4 -> -109023.44 | P4: =L4*N4 -> -109023.44
A5: 3 Agriculture, Forestry & Other Land Use | B5: 3B Land | C5: 3B1 Forest Land | D5: 3B1a Forest Land Remaining Forest Land | E5: Annual increase in carbon stocks in biomass | F5: GLC_FCS30D | G5: Ahmadabad Total | H5: 2015 | I5: Tropical Dry | J5: 6927 | K5: 30472.54 | L5: -111732.65 | M5: 1 | N5: 1 | O5: =L5*M5 -> -111732.65 | P5: =L5*N5 -> -111732.65
A6: 3 Agriculture, Forestry & Other Land Use | B6: 3B Land | C6: 3B1 Forest Land | D6: 3B1a Forest Land Remaining Forest Land | E6: Annual increase in carbon stocks in biomass | F6: GLC_FCS30D | G6: Ahmadabad Total | H6: 2016 | I6: Tropical Dry | J6: 6519 | K6: 28676.44 | L6: -105146.94 | M6: 1 | N6: 1 | O6: =L6*M6 -> -105146.94 | P6: =L6*N6 -> -105146.94
A7: 3 Agriculture, Forestry & Other Land Use | B7: 3B Land | C7: 3B1 Forest Land | D7: 3B1a Forest Land Remaining Forest Land | E7: Annual increase in carbon stocks in biomass | F7: GLC_FCS30D | G7: Ahmadabad Total | H7: 2017 | I7: Tropical Dry | J7: 5917 | K7: 26031.9 | L7: -95450.31 | M7: 1 | N7: 1 | O7: =L7*M7 -> -95450.31 | P7: =L7*N7 -> -95450.31
A8: 3 Agriculture, Forestry & Other Land Use | B8: 3B Land | C8: 3B1 Forest Land | D8: 3B1a Forest Land Remaining Forest Land | E8: Annual increase in carbon stocks in biomass | F8: GLC_FCS30D | G8: Ahmadabad Total | H8: 2018 | I8: Tropical Dry | J8: 5497 | K8: 24181.81 | L8: -88666.64 | M8: 1 | N8: 1 | O8: =L8*M8 -> -88666.64 | P8: =L8*N8 -> -88666.64
A9: 3 Agriculture, Forestry & Other Land Use | B9: 3B Land | C9: 3B1 Forest Land | D9: 3B1a Forest Land Remaining Forest Land | E9: Annual increase in carbon stocks in biomass | F9: GLC_FCS30D | G9: Ahmadabad Total | H9: 2019 | I9: Tropical Dry | J9: 5583 | K9: 24562.88 | L9: -90063.9 | M9: 1 | N9: 1 | O9: =L9*M9 -> -90063.9 | P9: =L9*N9 -> -90063.9
A10: 3 Agriculture, Forestry & Other Land Use | B10: 3B Land | C10: 3B1 Forest Land | D10: 3B1a Forest Land Remaining Forest Land | E10: Annual increase in carbon stocks in biomass | F10: GLC_FCS30D | G10: Ahmadabad Total | H10: 2020 | I10: Tropical Dry | J10: 4331 | K10: 19051.51 | L10: -69855.54 | M10: 1 | N10: 1 | O10: =L10*M10 -> -69855.54 | P10: =L10*N10 -> -69855.54
A11: 3 Agriculture, Forestry & Other Land Use | B11: 3B Land | C11: 3B1 Forest Land | D11: 3B1a Forest Land Remaining Forest Land | E11: Annual increase in carbon stocks in biomass | F11: GLC_FCS30D | G11: Ahmadabad Total | H11: 2021 | I11: Tropical Dry | J11: 4045 | K11: 17793.49 | L11: -65242.79 | M11: 1 | N11: 1 | O11: =L11*M11 -> -65242.79 | P11: =L11*N11 -> -65242.79
A12: 3 Agriculture, Forestry & Other Land Use | B12: 3B Land | C12: 3B1 Forest Land | D12: 3B1a Forest Land Remaining Forest Land | E12: Annual increase in carbon stocks in biomass | F12: GLC_FCS30D | G12: Ahmadabad Total | H12: 2022 | I12: Tropical Dry | J12: 4358 | K12: 19171.2 | L12: -70294.39 | M12: 1 | N12: 1 | O12: =L12*M12 -> -70294.39 | P12: =L12*N12 -> -70294.39
A13: 3 Agriculture, Forestry & Other Land Use | B13: 3B Land | C13: 3B1 Forest Land | D13: 3B1a Forest Land Remaining Forest Land | E13: Annual increase in carbon stocks in biomass | F13: GLC_FCS30D | G13: Amreli Total | H13: 2011 | I13: Tropical Dry | J13: 54760 | K13: 240900.83 | L13: -883303.05 | M13: 1 | N13: 1 | O13: =L13*M13 -> -883303.05 | P13: =L13*N13 -> -883303.05
... A802: 3 Agriculture, Forestry & Other Land Use | B802: 3B Land | C802: 3B1 Forest Land | D802: 3B1b Land Converted to Forest Land | E802: Annual increase in carbon stocks in biomass | F802: GLC_FCS30D | G802: Ahmadabad Total | H802: 2022 | I802: Tropical Dry | J802: 313 | K802: 1377.71 | L802: -5051.59 | M802: 1 | N802: 1 | O802: =L802*M802 -> -5051.59 | P802: =L802*N802 -> -5051.59
A803: 3 Agriculture, Forestry & Other Land Use | B803: 3B Land | C803: 3B1 Forest Land | D803: 3B1b Land Converted to Forest Land | E803: Annual increase in carbon stocks in biomass | F803: GLC_FCS30D | G803: Amreli Total | H803: 2011 | I803: Tropical Dry | K803: 0 | L803: 0 | M803: 1 | N803: 1 | O803: =L803*M803 -> 0 | P803: =L803*N803 -> 0
A804: 3 Agriculture, Forestry & Other Land Use | B804: 3B Land | C804: 3B1 Forest Land | D804: 3B1b Land Converted to Forest Land | E804: Annual increase in carbon stocks in biomass | F804: GLC_FCS30D | G804: Amreli Total | H804: 2012 | I804: Tropical Dry | J804: -4260 | K804: -18740.26 | L804: 68714.27 | M804: 1 | N804: 1 | O804: =L804*M804 -> 68714.27 | P804: =L804*N804 -> 68714.27
A805: 3 Agriculture, Forestry & Other Land Use | B805: 3B Land | C805: 3B1 Forest Land | D805: 3B1b Land Converted to Forest Land | E805: Annual increase in carbon stocks in biomass | F805: GLC_FCS30D | G805: Amreli Total | H805: 2013 | I805: Tropical Dry | J805: -1647 | K805: -7244.61 | L805: 26563.55 | M805: 1 | N805: 1 | O805: =L805*M805 -> 26563.55 | P805: =L805*N805 -> 26563.55
A806: 3 Agriculture, Forestry & Other Land Use | B806: 3B Land | C806: 3B1 Forest Land | D806: 3B1b Land Converted to Forest Land | E806: Annual increase in carbon stocks in biomass | F806: GLC_FCS30D | G806: Amreli Total | H806: 2014 | I806: Tropical Dry | J806: 2578 | K806: 11342.34 | L806: -41588.57 | M806: 1 | N806: 1 | O806: =L806*M806 -> -41588.57 | P806: =L806*N806 -> -41588.57
A807: 3 Agriculture, Forestry & Other Land Use | B807: 3B Land | C807: 3B1 Forest Land | D807: 3B1b Land Converted to Forest Land | E807: Annual increase in carbon stocks in biomass | F807: GLC_FCS30D | G807: Amreli Total | H807: 2015 | I807: Tropical Dry | J807: 1691 | K807: 7437.86 | L807: -27272.16 | M807: 1 | N807: 1 | O807: =L807*M807 -> -27272.16 | P807: =L807*N807 -> -27272.16
A808: 3 Agriculture, Forestry & Other Land Use | B808: 3B Land | C808: 3B1 Forest Land | D808: 3B1b Land Converted to Forest Land | E808: Annual increase in carbon stocks in biomass | F808: GLC_FCS30D | G808: Amreli Total | H808: 2016 | I808: Tropical Dry | J808: -131 | K808: -576.61 | L808: 2114.23 | M808: 1 | N808: 1 | O808: =L808*M808 -> 2114.23 | P808: =L808*N808 -> 2114.23
A809: 3 Agriculture, Forestry & Other Land Use | B809: 3B Land | C809: 3B1 Forest Land | D809: 3B1b Land Converted to Forest Land | E809: Annual increase in carbon stocks in biomass | F809: GLC_FCS30D | G809: Amreli Total | H809: 2017 | I809: Tropical Dry | J809: -2601 | K809: -11444.38 | L809: 41962.73 | M809: 1 | N809: 1 | O809: =L809*M809 -> 41962.73 | P809: =L809*N809 -> 41962.73
A810: 3 Agriculture, Forestry & Other Land Use | B810: 3B Land | C810: 3B1 Forest Land | D810: 3B1b Land Converted to Forest Land | E810: Annual increase in carbon stocks in biomass | F810: GLC_FCS30D | G810: Amreli Total | H810: 2018 | I810: Tropical Dry | J810: -1165 | K810: -5123.26 | L810: 18785.3 | M810: 1 | N810: 1 | O810: =L810*M810 -> 18785.3 | P810: =L810*N810 -> 18785.3
A811: 3 Agriculture, Forestry & Other Land Use | B811: 3B Land | C811: 3B1 Forest Land | D811: 3B1b Land Converted to Forest Land | E811: Annual increase in carbon stocks in biomass | F811: GLC_FCS30D | G811: Amreli Total | H811: 2019 | I811: Tropical Dry | J811: 2598 | K811: 11427.35 | L811: -41900.27 | M811: 1 | N811: 1 | O811: =L811*M811 -> -41900.27 | P811: =L811*N811 -> -41900.27
A812: 3 Agriculture, Forestry & Other Land Use | B812: 3B Land | C812: 3B1 Forest Land | D812: 3B1b Land Converted to Forest Land | E812: Annual increase in carbon stocks in biomass | F812: GLC_FCS30D | G812: Amreli Total | H812: 2020 | I812: Tropical Dry | J812: 3088 | K812: 13586.83 | L812: -49818.39 | M812: 1 | N812: 1 | O812: =L812*M812 -> -49818.39 | P812: =L812*N812 -> -49818.39
A813: 3 Agriculture, Forestry & Other Land Use | B813: 3B Land | C813: 3B1 Forest Land | D813: 3B1b Land Converted to Forest Land | E813: Annual increase in carbon stocks in biomass | F813: GLC_FCS30D | G813: Amreli Total | H813: 2021 | I813: Tropical Dry | J813: 2028 | K813: 8922.23 | L813: -32714.84 | M813: 1 | N813: 1 | O813: =L813*M813 -> -32714.84 | P813: =L813*N813 -> -32714.84
A814: 3 Agriculture, Forestry & Other Land Use | B814: 3B Land | C814: 3B1 Forest Land | D814: 3B1b Land Converted to Forest Land | E814: Annual increase in carbon stocks in biomass | F814: GLC_FCS30D | G814: Amreli Total | H814: 2022 | I814: Tropical Dry | J814: -1102 | K814: -4848.86 | L814: 17779.17 | M814: 1 | N814: 1 | O814: =L814*M814 -> 17779.17 | P814: =L814*N814 -> 17779.17
A815: 3 Agriculture, Forestry & Other Land Use | B815: 3B Land | C815: 3B1 Forest Land | D815: 3B1b Land Converted to Forest Land | E815: Annual increase in carbon stocks in biomass | F815: GLC_FCS30D | G815: Anand Total | H815: 2011 | I815: Tropical Dry | K815: 0 | L815: 0 | M815: 1 | N815: 1 | O815: =L815*M815 -> 0 | P815: =L815*N815 -> 0
A816: 3 Agriculture, Forestry & Other Land Use | B816: 3B Land | C816: 3B1 Forest Land | D816: 3B1b Land Converted to Forest Land | E816: Annual increase in carbon stocks in biomass | F816: GLC_FCS30D | G816: Anand Total | H816: 2012 | I816: Tropical Dry | J816: 87 | K816: 384.9 | L816: -1411.3 | M816: 1 | N816: 1 | O816: =L816*M816 -> -1411.3 | P816: =L816*N816 -> -1411.3
A817: 3 Agriculture, Forestry & Other Land Use | B817: 3B Land | C817: 3B1 Forest Land | D817: 3B1b Land Converted to Forest Land | E817: Annual increase in carbon stocks in biomass | F817: GLC_FCS30D | G817: Anand Total | H817: 2013 | I817: Tropical Dry | J817: 395 | K817: 1737.94 | L817: -6372.44 | M817: 1 | N817: 1 | O817: =L817*M817 -> -6372.44 | P817: =L817*N817 -> -6372.44
A818: 3 Agriculture, Forestry & Other Land Use | B818: 3B Land | C818: 3B1 Forest Land | D818: 3B1b Land Converted to Forest Land | E818: Annual increase in carbon stocks in biomass | F818: GLC_FCS30D | G818: Anand Total | H818: 2014 | I818: Tropical Dry | J818: -255 | K818: -1120.39 | L818: 4108.11 | M818: 1 | N818: 1 | O818: =L818*M818 -> 4108.11 | P818: =L818*N818 -> 4108.11
A819: 3 Agriculture, Forestry & Other Land Use | B819: 3B Land | C819: 3B1 Forest Land | D819: 3B1b Land Converted to Forest Land | E819: Annual increase in carbon stocks in biomass | F819: GLC_FCS30D | G819: Anand Total | H819: 2015 | I819: Tropical Dry | J819: -300 | K819: -1317.61 | L819: 4831.24 | M819: 1 | N819: 1 | O819: =L819*M819 -> 4831.24 | P819: =L819*N819 -> 4831.24
A820: 3 Agriculture, Forestry & Other Land Use | B820: 3B Land | C820: 3B1 Forest Land | D820: 3B1b Land Converted to Forest Land | E820: Annual increase in carbon stocks in biomass | F820: GLC_FCS30D | G820: Anand Total | H820: 2016 | I820: Tropical Dry | J820: 126 | K820: 553.78 | L820: -2030.52 | M820: 1 | N820: 1 | O820: =L820*M820 -> -2030.52 | P820: =L820*N820 -> -2030.52
A821: 3 Agriculture, Forestry & Other Land Use | B821: 3B Land | C821: 3B1 Forest Land | D821: 3B1b Land Converted to Forest Land | E821: Annual increase in carbon stocks in biomass | F821: GLC_FCS30D | G821: Anand Total | H821: 2017 | I821: Tropical Dry | J821: 20 | K821: 86.52 | L821: -317.26 | M821: 1 | N821: 1 | O821: =L821*M821 -> -317.26 | P821: =L821*N821 -> -317.26
A822: 3 Agriculture, Forestry & Other Land Use | B822: 3B Land | C822: 3B1 Forest Land | D822: 3B1b Land Converted to Forest Land | E822: Annual increase in carbon stocks in biomass | F822: GLC_FCS30D | G822: Anand Total | H822: 2018 | I822: Tropical Dry | J822: -478 | K822: -2100.65 | L822: 7702.38 | M822: 1 | N822: 1 | O822: =L822*M822 -> 7702.38 | P822: =L822*N822 -> 7702.38
A823: 3 Agriculture, Forestry & Other Land Use | B823: 3B Land | C823: 3B1 Forest Land | D823: 3B1b Land Converted to Forest Land | E823: Annual increase in carbon stocks in biomass | F823: GLC_FCS30D | G823: Anand Total | H823: 2019 | I823: Tropical Dry | J823: -774 | K823: -3403.15 | L823: 12478.21 | M823: 1 | N823: 1 | O823: =L823*M823 -> 12478.21 | P823: =L823*N823 -> 12478.21
A824: 3 Agriculture, Forestry & Other Land Use | B824: 3B Land | C824: 3B1 Forest Land | D824: 3B1b Land Converted to Forest Land | E824: Annual increase in carbon stocks in biomass | F824: GLC_FCS30D | G824: Anand Total | H824: 2020 | I824: Tropical Dry | J824: -957 | K824: -4209.73 | L824: 15435.67 | M824: 1 | N824: 1 | O824: =L824*M824 -> 15435.67 | P824: =L824*N824 -> 15435.67
A825: 3 Agriculture, Forestry & Other Land Use | B825: 3B Land | C825: 3B1 Forest Land | D825: 3B1b Land Converted to Forest Land | E825: Annual increase in carbon stocks in biomass | F825: GLC_FCS30D | G825: Anand Total | H825: 2021 | I825: Tropical Dry | J825: -241 | K825: -1059.62 | L825: 3885.28 | M825: 1 | N825: 1 | O825: =L825*M825 -> 3885.28 | P825: =L825*N825 -> 3885.28
A826: 3 Agriculture, Forestry & Other Land Use | B826: 3B Land | C826: 3B1 Forest Land | D826: 3B1b Land Converted to Forest Land | E826: Annual increase in carbon stocks in biomass | F826: GLC_FCS30D | G826: Anand Total | H826: 2022 | I826: Tropical Dry | J826: 160 | K826: 704.5 | L826: -2583.17 | M826: 1 | N826: 1 | O826: =L826*M826 -> -2583.17 | P826: =L826*N826 -> -2583.17
A827: 3 Agriculture, Forestry & Other Land Use | B827: 3B Land | C827: 3B1 Forest Land | D827: 3B1b Land Converted to Forest Land | E827: Annual increase in carbon stocks in biomass | F827: GLC_FCS30D | G827: Arvalli Total | H827: 2011 | I827: Tropical Dry | K827: 0 | L827: 0 | M827: 1 | N827: 1 | O827: =L827*M827 -> 0 | P827: =L827*N827 -> 0
A828: 3 Agriculture, Forestry & Other Land Use | B828: 3B Land | C828: 3B1 Forest Land | D828: 3B1b Land Converted to Forest Land | E828: Annual increase in carbon stocks in biomass | F828: GLC_FCS30D | G828: Arvalli Total | H828: 2012 | I828: Tropical Dry | J828: 9939 | K828: 43723.72 | L828: -160320.31 | M828: 1 | N828: 1 | O828: =L828*M828 -> -160320.31 | P828: =L828*N828 -> -160320.31
A829: 3 Agriculture, Forestry & Other Land Use | B829: 3B Land | C829: 3B1 Forest Land | D829: 3B1b Land Converted to Forest Land | E829: Annual increase in carbon stocks in biomass | F829: GLC_FCS30D | G829: Arvalli Total | H829: 2013 | I829: Tropical Dry | J829: 3078 | K829: 13542.23 | L829: -49654.83 | M829: 1 | N829: 1 | O829: =L829*M829 -> -49654.83 | P829: =L829*N829 -> -49654.83
A830: 3 Agriculture, Forestry & Other Land Use | B830: 3B Land | C830: 3B1 Forest Land | D830: 3B1b Land Converted to Forest Land | E830: Annual increase in carbon stocks in biomass | F830: GLC_FCS30D | G830: Arvalli Total | H830: 2014 | I830: Tropical Dry | J830: 3668 | K830: 16135.58 | L830: -59163.8 | M830: 1 | N830: 1 | O830: =L830*M830 -> -59163.8 | P830: =L830*N830 -> -59163.8
A831: 3 Agriculture, Forestry & Other Land Use | B831: 3B Land | C831: 3B1 Forest Land | D831: 3B1b Land Converted to Forest Land | E831: Annual increase in carbon stocks in biomass | F831: GLC_FCS30D | G831: Arvalli Total | H831: 2015 | I831: Tropical Dry | J831: 9435 | K831: 41506.67 | L831: -152191.13 | M831: 1 | N831: 1 | O831: =L831*M831 -> -152191.13 | P831: =L831*N831 -> -152191.13
A832: 3 Agriculture, Forestry & Other Land Use | B832: 3B Land | C832: 3B1 Forest Land | D832: 3B1b Land Converted to Forest Land | E832: Annual increase in carbon stocks in biomass | F832: GLC_FCS30D | G832: Arvalli Total | H832: 2016 | I832: Tropical Dry | J832: 2715 | K832: 11943.02 | L832: -43791.08 | M832: 1 | N832: 1 | O832: =L832*M832 -> -43791.08 | P832: =L832*N832 -> -43791.08
A833: 3 Agriculture, Forestry & Other Land Use | B833: 3B Land | C833: 3B1 Forest Land | D833: 3B1b Land Converted to Forest Land | E833: Annual increase in carbon stocks in biomass | F833: GLC_FCS30D | G833: Arvalli Total | H833: 2017 | I833: Tropical Dry | J833: -2101 | K833: -9244.77 | L833: 33897.48 | M833: 1 | N833: 1 | O833: =L833*M833 -> 33897.48 | P833: =L833*N833 -> 33897.48
A834: 3 Agriculture, Forestry & Other Land Use | B834: 3B Land | C834: 3B1 Forest Land | D834: 3B1b Land Converted to Forest Land | E834: Annual increase in carbon stocks in biomass | F834: GLC_FCS30D | G834: Arvalli Total | H834: 2018 | I834: Tropical Dry | J834: 872 | K834: 3836.51 | L834: -14067.2 | M834: 1 | N834: 1 | O834: =L834*M834 -> -14067.2 | P834: =L834*N834 -> -14067.2
A835: 3 Agriculture, Forestry & Other Land Use | B835: 3B Land | C835: 3B1 Forest Land | D835: 3B1b Land Converted to Forest Land | E835: Annual increase in carbon stocks in biomass | F835: GLC_FCS30D | G835: Arvalli Total | H835: 2019 | I835: Tropical Dry | J835: -4281 | K835: -18834.45 | L835: 69059.64 | M835: 1 | N835: 1 | O835: =L835*M835 -> 69059.64 | P835: =L835*N835 -> 69059.64
A836: 3 Agriculture, Forestry & Other Land Use | B836: 3B Land | C836: 3B1 Forest Land | D836: 3B1b Land Converted to Forest Land | E836: Annual increase in carbon stocks in biomass | F836: GLC_FCS30D | G836: Arvalli Total | H836: 2020 | I836: Tropical Dry | J836: -14889 | K836: -65500.49 | L836: 240168.47 | M836: 1 | N836: 1 | O836: =L836*M836 -> 240168.47 | P836: =L836*N836 -> 240168.47
A837: 3 Agriculture, Forestry & Other Land Use | B837: 3B Land | C837: 3B1 Forest Land | D837: 3B1b Land Converted to Forest Land | E837: Annual increase in carbon stocks in biomass | F837: GLC_FCS30D | G837: Arvalli Total | H837: 2021 | I837: Tropical Dry | J837: -5785 | K837: -25449.14 | L837: 93313.53 | M837: 1 | N837: 1 | O837: =L837*M837 -> 93313.53 | P837: =L837*N837 -> 93313.53
A838: 3 Agriculture, Forestry & Other Land Use | B838: 3B Land | C838: 3B1 Forest Land | D838: 3B1b Land Converted to Forest Land | E838: Annual increase in carbon stocks in biomass | F838: GLC_FCS30D | G838: Arvalli Total | H838: 2022 | I838: Tropical Dry | J838: -1999 | K838: -8794.86 | L838: 32247.83 | M838: 1 | N838: 1 | O838: =L838*M838 -> 32247.83 | P838: =L838*N838 -> 32247.83
A839: 3 Agriculture, Forestry & Other Land Use | B839: 3B Land | C839: 3B1 Forest Land | D839: 3B1b Land Converted to Forest Land | E839: Annual increase in carbon stocks in biomass | F839: GLC_FCS30D | G839: Banas_Kantha Total | H839: 2011 | I839: Tropical Dry | K839: 0 | L839: 0 | M839: 1 | N839: 1 | O839: =L839*M839 -> 0 | P839: =L839*N839 -> 0
A840: 3 Agriculture, Forestry & Other Land Use | B840: 3B Land | C840: 3B1 Forest Land | D840: 3B1b Land Converted to Forest Land | E840: Annual increase in carbon stocks in biomass | F840: GLC_FCS30D | G840: Banas_Kantha Total | H840: 2012 | I840: Tropical Dry | J840: 7330 | K840: 32245 | L840: -118231.66 | M840: 1 | N840: 1 | O840: =L840*M840 -> -118231.66 | P840: =L840*N840 -> -118231.66
A841: 3 Agriculture, Forestry & Other Land Use | B841: 3B Land | C841: 3B1 Forest Land | D841: 3B1b Land Converted to Forest Land | E841: Annual increase in carbon stocks in biomass | F841: GLC_FCS30D | G841: Banas_Kantha Total | H841: 2013 | I841: Tropical Dry | J841: -2522 | K841: -11093.48 | L841: 40676.11 | M841: 1 | N841: 1 | O841: =L841*M841 -> 40676.11 | P841: =L841*N841 -> 40676.11
A842: 3 Agriculture, Forestry & Other Land Use | B842: 3B Land | C842: 3B1 Forest Land | D842: 3B1b Land Converted to Forest Land | E842: Annual increase in carbon stocks in biomass | F842: GLC_FCS30D | G842: Banas_Kantha Total | H842: 2014 | I842: Tropical Dry | J842: -1595 | K842: -7018.66 | L842: 25735.07 | M842: 1 | N842: 1 | O842: =L842*M842 -> 25735.07 | P842: =L842*N842 -> 25735.07
A843: 3 Agriculture, Forestry & Other Land Use | B843: 3B Land | C843: 3B1 Forest Land | D843: 3B1b Land Converted to Forest Land | E843: Annual increase in carbon stocks in biomass | F843: GLC_FCS30D | G843: Banas_Kantha Total | H843: 2015 | I843: Tropical Dry | J843: 512 | K843: 2253.01 | L843: -8261.04 | M843: 1 | N843: 1 | O843: =L843*M843 -> -8261.04 | P843: =L843*N843 -> -8261.04
A844: 3 Agriculture, Forestry & Other Land Use | B844: 3B Land | C844: 3B1 Forest Land | D844: 3B1b Land Converted to Forest Land | E844: Annual increase in carbon stocks in biomass | F844: GLC_FCS30D | G844: Banas_Kantha Total | H844: 2016 | I844: Tropical Dry | J844: -182 | K844: -802.03 | L844: 2940.78 | M844: 1 | N844: 1 | O844: =L844*M844 -> 2940.78 | P844: =L844*N844 -> 2940.78
A845: 3 Agriculture, Forestry & Other Land Use | B845: 3B Land | C845: 3B1 Forest Land | D845: 3B1b Land Converted to Forest Land | E845: Annual increase in carbon stocks in biomass | F845: GLC_FCS30D | G845: Banas_Kantha Total | H845: 2017 | I845: Tropical Dry | J845: 353 | K845: 1551.49 | L845: -5688.81 | M845: 1 | N845: 1 | O845: =L845*M845 -> -5688.81 | P845: =L845*N845 -> -5688.81
A846: 3 Agriculture, Forestry & Other Land Use | B846: 3B Land | C846: 3B1 Forest Land | D846: 3B1b Land Converted to Forest Land | E846: Annual increase in carbon stocks in biomass | F846: GLC_FCS30D | G846: Banas_Kantha Total | H846: 2018 | I846: Tropical Dry | J846: 2375 | K846: 10446.62 | L846: -38304.28 | M846: 1 | N846: 1 | O846: =L846*M846 -> -38304.28 | P846: =L846*N846 -> -38304.28
A847: 3 Agriculture, Forestry & Other Land Use | B847: 3B Land | C847: 3B1 Forest Land | D847: 3B1b Land Converted to Forest Land | E847: Annual increase in carbon stocks in biomass | F847: GLC_FCS30D | G847: Banas_Kantha Total | H847: 2019 | I847: Tropical Dry | J847: 1226 | K847: 5392.73 | L847: -19773.36 | M847: 1 | N847: 1 | O847: =L847*M847 -> -19773.36 | P847: =L847*N847 -> -19773.36
A848: 3 Agriculture, Forestry & Other Land Use | B848: 3B Land | C848: 3B1 Forest Land | D848: 3B1b Land Converted to Forest Land | E848: Annual increase in carbon stocks in biomass | F848: GLC_FCS30D | G848: Banas_Kantha Total | H848: 2020 | I848: Tropical Dry | J848: -1609 | K848: -7076.51 | L848: 25947.2 | M848: 1 | N848: 1 | O848: =L848*M848 -> 25947.2 | P848: =L848*N848 -> 25947.2
A849: 3 Agriculture, Forestry & Other Land Use | B849: 3B Land | C849: 3B1 Forest Land | D849: 3B1b Land Converted to Forest Land | E849: Annual increase in carbon stocks in biomass | F849: GLC_FCS30D | G849: Banas_Kantha Total | H849: 2021 | I849: Tropical Dry | J849: -1114 | K849: -4902.21 | L849: 17974.77 | M849: 1 | N849: 1 | O849: =L849*M849 -> 17974.77 | P849: =L849*N849 -> 17974.77
A850: 3 Agriculture, Forestry & Other Land Use | B850: 3B Land | C850: 3B1 Forest Land | D850: 3B1b Land Converted to Forest Land | E850: Annual increase in carbon stocks in biomass | F850: GLC_FCS30D | G850: Banas_Kantha Total | H850: 2022 | I850: Tropical Dry | J850: -439 | K850: -1929.68 | L850: 7075.48 | M850: 1 | N850: 1 | O850: =L850*M850 -> 7075.48 | P850: =L850*N850 -> 7075.48
A851: 3 Agriculture, Forestry & Other Land Use | B851: 3B Land | C851: 3B1 Forest Land | D851: 3B1b Land Converted to Forest Land | E851: Annual increase in carbon stocks in biomass | F851: GLC_FCS30D | G851: Bharuch Total | H851: 2011 | I851: Tropical Dry | K851: 0 | L851: 0 | M851: 1 | N851: 1 | O851: =L851*M851 -> 0 | P851: =L851*N851 -> 0
A852: 3 Agriculture, Forestry & Other Land Use | B852: 3B Land | C852: 3B1 Forest Land | D852: 3B1b Land Converted to Forest Land | E852: Annual increase in carbon stocks in biomass | F852: GLC_FCS30D | G852: Bharuch Total | H852: 2012 | I852: Tropical Dry | J852: 110 | K852: 482.18 | L852: -1767.99 | M852: 1 | N852: 1 | O852: =L852*M852 -> -1767.99 | P852: =L852*N852 -> -1767.99
A853: 3 Agriculture, Forestry & Other Land Use | B853: 3B Land | C853: 3B1 Forest Land | D853: 3B1b Land Converted to Forest Land | E853: Annual increase in carbon stocks in biomass | F853: GLC_FCS30D | G853: Bharuch Total | H853: 2013 | I853: Tropical Dry | J853: -716 | K853: -3149.13 | L853: 11546.82 | M853: 1 | N853: 1 | O853: =L853*M853 -> 11546.82 | P853: =L853*N853 -> 11546.82
A854: 3 Agriculture, Forestry & Other Land Use | B854: 3B Land | C854: 3B1 Forest Land | D854: 3B1b Land Converted to Forest Land | E854: Annual increase in carbon stocks in biomass | F854: GLC_FCS30D | G854: Bharuch Total | H854: 2014 | I854: Tropical Dry | J854: -1060 | K854: -4661.58 | L854: 17092.47 | M854: 1 | N854: 1 | O854: =L854*M854 -> 17092.47 | P854: =L854*N854 -> 17092.47
A855: 3 Agriculture, Forestry & Other Land Use | B855: 3B Land | C855: 3B1 Forest Land | D855: 3B1b Land Converted to Forest Land | E855: Annual increase in carbon stocks in biomass | F855: GLC_FCS30D | G855: Bharuch Total | H855: 2015 | I855: Tropical Dry | J855: -70 | K855: -309.99 | L855: 1136.64 | M855: 1 | N855: 1 | O855: =L855*M855 -> 1136.64 | P855: =L855*N855 -> 1136.64
A856: 3 Agriculture, Forestry & Other Land Use | B856: 3B Land | C856: 3B1 Forest Land | D856: 3B1b Land Converted to Forest Land | E856: Annual increase in carbon stocks in biomass | F856: GLC_FCS30D | G856: Bharuch Total | H856: 2016 | I856: Tropical Dry | J856: 949 | K856: 4174.73 | L856: -15307.34 | M856: 1 | N856: 1 | O856: =L856*M856 -> -15307.34 | P856: =L856*N856 -> -15307.34
A857: 3 Agriculture, Forestry & Other Land Use | B857: 3B Land | C857: 3B1 Forest Land | D857: 3B1b Land Converted to Forest Land | E857: Annual increase in carbon stocks in biomass | F857: GLC_FCS30D | G857: Bharuch Total | H857: 2017 | I857: Tropical Dry | J857: 717 | K857: 3155.98 | L857: -11571.94 | M857: 1 | N857: 1 | O857: =L857*M857 -> -11571.94 | P857: =L857*N857 -> -11571.94
A858: 3 Agriculture, Forestry & Other Land Use | B858: 3B Land | C858: 3B1 Forest Land | D858: 3B1b Land Converted to Forest Land | E858: Annual increase in carbon stocks in biomass | F858: GLC_FCS30D | G858: Bharuch Total | H858: 2018 | I858: Tropical Dry | J858: -936 | K858: -4118.45 | L858: 15100.97 | M858: 1 | N858: 1 | O858: =L858*M858 -> 15100.97 | P858: =L858*N858 -> 15100.97
A859: 3 Agriculture, Forestry & Other Land Use | B859: 3B Land | C859: 3B1 Forest Land | D859: 3B1b Land Converted to Forest Land | E859: Annual increase in carbon stocks in biomass | F859: GLC_FCS30D | G859: Bharuch Total | H859: 2019 | I859: Tropical Dry | J859: -541 | K859: -2378.68 | L859: 8721.81 | M859: 1 | N859: 1 | O859: =L859*M859 -> 8721.81 | P859: =L859*N859 -> 8721.81
A860: 3 Agriculture, Forestry & Other Land Use | B860: 3B Land | C860: 3B1 Forest Land | D860: 3B1b Land Converted to Forest Land | E860: Annual increase in carbon stocks in biomass | F860: GLC_FCS30D | G860: Bharuch Total | H860: 2020 | I860: Tropical Dry | J860: -212 | K860: -930.47 | L860: 3411.74 | M860: 1 | N860: 1 | O860: =L860*M860 -> 3411.74 | P860: =L860*N860 -> 3411.74
A861: 3 Agriculture, Forestry & Other Land Use | B861: 3B Land | C861: 3B1 Forest Land | D861: 3B1b Land Converted to Forest Land | E861: Annual increase in carbon stocks in biomass | F861: GLC_FCS30D | G861: Bharuch Total | H861: 2021 | I861: Tropical Dry | J861: 1615 | K861: 7106.78 | L861: -26058.21 | M861: 1 | N861: 1 | O861: =L861*M861 -> -26058.21 | P861: =L861*N861 -> -26058.21
A862: 3 Agriculture, Forestry & Other Land Use | B862: 3B Land | C862: 3B1 Forest Land | D862: 3B1b Land Converted to Forest Land | E862: Annual increase in carbon stocks in biomass | F862: GLC_FCS30D | G862: Bharuch Total | H862: 2022 | I862: Tropical Dry | J862: 714 | K862: 3138.89 | L862: -11509.27 | M862: 1 | N862: 1 | O862: =L862*M862 -> -11509.27 | P862: =L862*N862 -> -11509.27
A863: 3 Agriculture, Forestry & Other Land Use | B863: 3B Land | C863: 3B1 Forest Land | D863: 3B1b Land Converted to Forest Land | E863: Annual increase in carbon stocks in biomass | F863: GLC_FCS30D | G863: Bhavnagar Total | H863: 2011 | I863: Tropical Dry | K863: 0 | L863: 0 | M863: 1 | N863: 1 | O863: =L863*M863 -> 0 | P863: =L863*N863 -> 0
A864: 3 Agriculture, Forestry & Other Land Use | B864: 3B Land | C864: 3B1 Forest Land | D864: 3B1b Land Converted to Forest Land | E864: Annual increase in carbon stocks in biomass | F864: GLC_FCS30D | G864: Bhavnagar Total | H864: 2012 | I864: Tropical Dry | J864: -1026 | K864: -4513.07 | L864: 16547.92 | M864: 1 | N864: 1 | O864: =L864*M864 -> 16547.92 | P864: =L864*N864 -> 16547.92
A865: 3 Agriculture, Forestry & Other Land Use | B865: 3B Land | C865: 3B1 Forest Land | D865: 3B1b Land Converted to Forest Land | E865: Annual increase in carbon stocks in biomass | F865: GLC_FCS30D | G865: Bhavnagar Total | H865: 2013 | I865: Tropical Dry | J865: -89 | K865: -391.92 | L865: 1437.04 | M865: 1 | N865: 1 | O865: =L865*M865 -> 1437.04 | P865: =L865*N865 -> 1437.04
A866: 3 Agriculture, Forestry & Other Land Use | B866: 3B Land | C866: 3B1 Forest Land | D866: 3B1b Land Converted to Forest Land | E866: Annual increase in carbon stocks in biomass | F866: GLC_FCS30D | G866: Bhavnagar Total | H866: 2014 | I866: Tropical Dry | J866: 1280 | K866: 5632.18 | L866: -20651.32 | M866: 1 | N866: 1 | O866: =L866*M866 -> -20651.32 | P866: =L866*N866 -> -20651.32
A867: 3 Agriculture, Forestry & Other Land Use | B867: 3B Land | C867: 3B1 Forest Land | D867: 3B1b Land Converted to Forest Land | E867: Annual increase in carbon stocks in biomass | F867: GLC_FCS30D | G867: Bhavnagar Total | H867: 2015 | I867: Tropical Dry | J867: 89 | K867: 393.19 | L867: -1441.71 | M867: 1 | N867: 1 | O867: =L867*M867 -> -1441.71 | P867: =L867*N867 -> -1441.71
A868: 3 Agriculture, Forestry & Other Land Use | B868: 3B Land | C868: 3B1 Forest Land | D868: 3B1b Land Converted to Forest Land | E868: Annual increase in carbon stocks in biomass | F868: GLC_FCS30D | G868: Bhavnagar Total | H868: 2016 | I868: Tropical Dry | J868: 549 | K868: 2415.3 | L868: -8856.08 | M868: 1 | N868: 1 | O868: =L868*M868 -> -8856.08 | P868: =L868*N868 -> -8856.08
A869: 3 Agriculture, Forestry & Other Land Use | B869: 3B Land | C869: 3B1 Forest Land | D869: 3B1b Land Converted to Forest Land | E869: Annual increase in carbon stocks in biomass | F869: GLC_FCS30D | G869: Bhavnagar Total | H869: 2017 | I869: Tropical Dry | J869: -1072 | K869: -4715.55 | L869: 17290.33 | M869: 1 | N869: 1 | O869: =L869*M869 -> 17290.33 | P869: =L869*N869 -> 17290.33
A870: 3 Agriculture, Forestry & Other Land Use | B870: 3B Land | C870: 3B1 Forest Land | D870: 3B1b Land Converted to Forest Land | E870: Annual increase in carbon stocks in biomass | F870: GLC_FCS30D | G870: Bhavnagar Total | H870: 2018 | I870: Tropical Dry | J870: -1150 | K870: -5058.8 | L870: 18548.92 | M870: 1 | N870: 1 | O870: =L870*M870 -> 18548.92 | P870: =L870*N870 -> 18548.92
A871: 3 Agriculture, Forestry & Other Land Use | B871: 3B Land | C871: 3B1 Forest Land | D871: 3B1b Land Converted to Forest Land | E871: Annual increase in carbon stocks in biomass | F871: GLC_FCS30D | G871: Bhavnagar Total | H871: 2019 | I871: Tropical Dry | J871: 996 | K871: 4380.54 | L871: -16061.98 | M871: 1 | N871: 1 | O871: =L871*M871 -> -16061.98 | P871: =L871*N871 -> -16061.98
A872: 3 Agriculture, Forestry & Other Land Use | B872: 3B Land | C872: 3B1 Forest Land | D872: 3B1b Land Converted to Forest Land | E872: Annual increase in carbon stocks in biomass | F872: GLC_FCS30D | G872: Bhavnagar Total | H872: 2020 | I872: Tropical Dry | J872: 1133 | K872: 4985.67 | L872: -18280.8 | M872: 1 | N872: 1 | O872: =L872*M872 -> -18280.8 | P872: =L872*N872 -> -18280.8
A873: 3 Agriculture, Forestry & Other Land Use | B873: 3B Land | C873: 3B1 Forest Land | D873: 3B1b Land Converted to Forest Land | E873: Annual increase in carbon stocks in biomass | F873: GLC_FCS30D | G873: Bhavnagar Total | H873: 2021 | I873: Tropical Dry | J873: 874 | K873: 3842.82 | L873: -14090.34 | M873: 1 | N873: 1 | O873: =L873*M873 -> -14090.34 | P873: =L873*N873 -> -14090.34
A874: 3 Agriculture, Forestry & Other Land Use | B874: 3B Land | C874: 3B1 Forest Land | D874: 3B1b Land Converted to Forest Land | E874: Annual increase in carbon stocks in biomass | F874: GLC_FCS30D | G874: Bhavnagar Total | H874: 2022 | I874: Tropical Dry | J874: -513 | K874: -2257 | L874: 8275.67 | M874: 1 | N874: 1 | O874: =L874*M874 -> 8275.67 | P874: =L874*N874 -> 8275.67
A875: 3 Agriculture, Forestry & Other Land Use | B875: 3B Land | C875: 3B1 Forest Land | D875: 3B1b Land Converted to Forest Land | E875: Annual increase in carbon stocks in biomass | F875: GLC_FCS30D | G875: Botad Total | H875: 2011 | I875: Tropical Dry | K875: 0 | L875: 0 | M875: 1 | N875: 1 | O875: =L875*M875 -> 0 | P875: =L875*N875 -> 0
A876: 3 Agriculture, Forestry & Other Land Use | B876: 3B Land | C876: 3B1 Forest Land | D876: 3B1b Land Converted to Forest Land | E876: Annual increase in carbon stocks in biomass | F876: GLC_FCS30D | G876: Botad Total | H876: 2012 | I876: Tropical Dry | J876: -119 | K876: -522.69 | L876: 1916.55 | M876: 1 | N876: 1 | O876: =L876*M876 -> 1916.55 | P876: =L876*N876 -> 1916.55
A877: 3 Agriculture, Forestry & Other Land Use | B877: 3B Land | C877: 3B1 Forest Land | D877: 3B1b Land Converted to Forest Land | E877: Annual increase in carbon stocks in biomass | F877: GLC_FCS30D | G877: Botad Total | H877: 2013 | I877: Tropical Dry | J877: 444 | K877: 1953.61 | L877: -7163.23 | M877: 1 | N877: 1 | O877: =L877*M877 -> -7163.23 | P877: =L877*N877 -> -7163.23
A878: 3 Agriculture, Forestry & Other Land Use | B878: 3B Land | C878: 3B1 Forest Land | D878: 3B1b Land Converted to Forest Land | E878: Annual increase in carbon stocks in biomass | F878: GLC_FCS30D | G878: Botad Total | H878: 2014 | I878: Tropical Dry | J878: 494 | K878: 2172.04 | L878: -7964.15 | M878: 1 | N878: 1 | O878: =L878*M878 -> -7964.15 | P878: =L878*N878 -> -7964.15
A879: 3 Agriculture, Forestry & Other Land Use | B879: 3B Land | C879: 3B1 Forest Land | D879: 3B1b Land Converted to Forest Land | E879: Annual increase in carbon stocks in biomass | F879: GLC_FCS30D | G879: Botad Total | H879: 2015 | I879: Tropical Dry | J879: 398 | K879: 1751.81 | L879: -6423.31 | M879: 1 | N879: 1 | O879: =L879*M879 -> -6423.31 | P879: =L879*N879 -> -6423.31
A880: 3 Agriculture, Forestry & Other Land Use | B880: 3B Land | C880: 3B1 Forest Land | D880: 3B1b Land Converted to Forest Land | E880: Annual increase in carbon stocks in biomass | F880: GLC_FCS30D | G880: Botad Total | H880: 2016 | I880: Tropical Dry | J880: -9 | K880: -39.13 | L880: 143.47 | M880: 1 | N880: 1 | O880: =L880*M880 -> 143.47 | P880: =L880*N880 -> 143.47
A881: 3 Agriculture, Forestry & Other Land Use | B881: 3B Land | C881: 3B1 Forest Land | D881: 3B1b Land Converted to Forest Land | E881: Annual increase in carbon stocks in biomass | F881: GLC_FCS30D | G881: Botad Total | H881: 2017 | I881: Tropical Dry | J881: 89 | K881: 392.85 | L881: -1440.45 | M881: 1 | N881: 1 | O881: =L881*M881 -> -1440.45 | P881: =L881*N881 -> -1440.45
A882: 3 Agriculture, Forestry & Other Land Use | B882: 3B Land | C882: 3B1 Forest Land | D882: 3B1b Land Converted to Forest Land | E882: Annual increase in carbon stocks in biomass | F882: GLC_FCS30D | G882: Botad Total | H882: 2018 | I882: Tropical Dry | J882: 223 | K882: 980.34 | L882: -3594.58 | M882: 1 | N882: 1 | O882: =L882*M882 -> -3594.58 | P882: =L882*N882 -> -3594.58
A883: 3 Agriculture, Forestry & Other Land Use | B883: 3B Land | C883: 3B1 Forest Land | D883: 3B1b Land Converted to Forest Land | E883: Annual increase in carbon stocks in biomass | F883: GLC_FCS30D | G883: Botad Total | H883: 2019 | I883: Tropical Dry | J883: 287 | K883: 1264.42 | L883: -4636.22 | M883: 1 | N883: 1 | O883: =L883*M883 -> -4636.22 | P883: =L883*N883 -> -4636.22
A884: 3 Agriculture, Forestry & Other Land Use | B884: 3B Land | C884: 3B1 Forest Land | D884: 3B1b Land Converted to Forest Land | E884: Annual increase in carbon stocks in biomass | F884: GLC_FCS30D | G884: Botad Total | H884: 2020 | I884: Tropical Dry | J884: -833 | K884: -3662.54 | L884: 13429.3 | M884: 1 | N884: 1 | O884: =L884*M884 -> 13429.3 | P884: =L884*N884 -> 13429.3
A885: 3 Agriculture, Forestry & Other Land Use | B885: 3B Land | C885: 3B1 Forest Land | D885: 3B1b Land Converted to Forest Land | E885: Annual increase in carbon stocks in biomass | F885: GLC_FCS30D | G885: Botad Total | H885: 2021 | I885: Tropical Dry | J885: -268 | K885: -1178.28 | L885: 4320.38 | M885: 1 | N885: 1 | O885: =L885*M885 -> 4320.38 | P885: =L885*N885 -> 4320.38
A886: 3 Agriculture, Forestry & Other Land Use | B886: 3B Land | C886: 3B1 Forest Land | D886: 3B1b Land Converted to Forest Land | E886: Annual increase in carbon stocks in biomass | F886: GLC_FCS30D | G886: Botad Total | H886: 2022 | I886: Tropical Dry | J886: 1 | K886: 4.57 | L886: -16.75 | M886: 1 | N886: 1 | O886: =L886*M886 -> -16.75 | P886: =L886*N886 -> -16.75
A887: 3 Agriculture, Forestry & Other Land Use | B887: 3B Land | C887: 3B1 Forest Land | D887: 3B1b Land Converted to Forest Land | E887: Annual increase in carbon stocks in biomass | F887: GLC_FCS30D | G887: Chhotaudepur Total | H887: 2011 | I887: Tropical Dry | K887: 0 | L887: 0 | M887: 1 | N887: 1 | O887: =L887*M887 -> 0 | P887: =L887*N887 -> 0
A888: 3 Agriculture, Forestry & Other Land Use | B888: 3B Land | C888: 3B1 Forest Land | D888: 3B1b Land Converted to Forest Land | E888: Annual increase in carbon stocks in biomass | F888: GLC_FCS30D | G888: Chhotaudepur Total | H888: 2012 | I888: Tropical Dry | J888: 8399 | K888: 36950.32 | L888: -135484.52 | M888: 1 | N888: 1 | O888: =L888*M888 -> -135484.52 | P888: =L888*N888 -> -135484.52
...

Sheet Dist_Wise Graphs
B1: Emission (Ton yr^-1)/(Conversion of C to CO2) | M1: Annual Change in Carbon Stock(tonnes C yr-1)
A2: District | B2: Year | C2: Tropical Dry | D2: Tropical Moist | E2: Tropical Dry | F2: Tropical Moist | G2: Tropical Dry | H2: Tropical Moist | I2: Tropical Dry | J2: Tropical Moist | K2: Total | M2: Year | N2: Tropical Dry | O2: Tropical Moist | P2: Tropical Dry | Q2: Tropical Moist | R2: Tropical Dry | S2: Tropical Moist | T2: Tropical Dry | U2: Tropical Moist | V2: Total
A3: Ahmadabad Total | B3: 2015 | C3: -111732.65 | D3: -14324.699 | E3: 0 | F3: 0 | G3: 0 | H3: 0 | I3: 0 | J3: 0 | K3: =SUM(C3:J3) -> -126057.35 | M3: 2015 | N3: 10301511 | O3: 1320706.6 | P3: 10301511 | Q3: 1320706.6 | R3: 245876.22 | S3: 27319.58 | T3: -368712.32 | U3: -61491.119 | V3: =SUM(N3:U3) -> 23087428
A4: Amreli Total | B4: 2015 | C4: -856885.95 | D4: -109857.17 | E4: -745153.3 | F4: -95532.475 | G4: -17785.301 | H4: -1976.1446 | I4: 26670.572 | J4: 4447.9213 | K4: =SUM(C4:J4) -> -1796071.9 | M4: 2016 | N4: 10522964 | O4: 1349097.9 | P4: 221452.44 | Q4: 28391.339 | R4: 5285.6216 | S4: 587.29129 | T4: -7926.2394 | U4: -1321.8797 | V4: =SUM(N4:U4) -> 12118530
A5: Anand Total | B5: 2015 | C5: -153119.1 | D5: -19630.653 | E5: 703766.86 | F5: 90226.52 | G5: 16797.49 | H5: 1866.3878 | I5: -25189.266 | J5: -4200.88 | K5: =SUM(C5:J5) -> 610517.36 | M5: 2017 | N5: 10517335 | O5: 1348376.3 | P5: -5628.4545 | Q5: -721.59673 | R5: -134.33982 | S5: -14.926646 | T5: 201.45399 | U5: 33.597009 | V5: =SUM(N5:U5) -> 11859447
A6: Arvalli Total | B6: 2015 | C6: -2321915.7 | D6: -297681.5 | E6: -2168796.6 | F6: -278050.85 | G6: -51764.785 | H6: -5751.6428 | I6: 77625.7 | J6: 12945.841 | K6: =SUM(C6:J6) -> -5033389.5 | M6: 2018 | N6: 10398109 | O6: 1333090.9 | P6: -119225.98 | Q6: -15285.382 | R6: -2845.6829 | S6: -316.18699 | T6: 4267.3436 | U6: 711.67608 | V6: =SUM(N6:U6) -> 11598506
A7: Banas_Kantha Total | B7: 2015 | C7: -1430713.9 | D7: -183424.85 | E7: 891201.84 | F7: 114256.65 | G7: 21271.184 | H7: 2363.4649 | I7: -31897.951 | J7: -5319.7048 | K7: =SUM(C7:J7) -> -622263.22 | M7: 2019 | N7: 10225440 | O7: 1310953.8 | P7: -172669.66 | Q7: -22137.136 | R7: -4121.2754 | S7: -457.91949 | T7: 6180.2031 | U7: 1030.6887 | V7: =SUM(N7:U7) -> 11344218
A8: Bharuch Total | B8: 2015 | C8: -301657.94 | D8: -38674.095 | E8: 1129055.9 | F8: 144750.76 | G8: 26948.279 | H8: 2994.2533 | I8: -40411.238 | J8: -6739.488 | K8: =SUM(C8:J8) -> 916266.43 | M8: 2020 | N8: 9905409.3 | O8: 1269924.3 | P8: -320030.2 | Q8: -41029.513 | R8: -7638.4731 | S8: -848.71923 | T8: 11454.54 | U8: 1910.3037 | V8: =SUM(N8:U8) -> 10819152
A9: Bhavnagar Total | B9: 2015 | C9: -448483.18 | D9: -57497.844 | E9: -146825.24 | F9: -18823.749 | G9: -3504.4213 | H9: -389.38014 | I9: 5255.1779 | J9: 876.41979 | K9: =SUM(C9:J9) -> -669392.22 | M9: 2021 | N9: 9844461.4 | O9: 1262110.4 | P9: -60947.933 | Q9: -7813.8375 | R9: -1454.7038 | S9: -161.63376 | T9: 2181.4521 | U9: 363.80649 | V9: =SUM(N9:U9) -> 11038739
A10: Botad Total | B10: 2015 | C10: -53750.222 | D10: -6891.0541 | E10: 394732.96 | F10: 50606.79 | G10: 9421.4768 | H10: 1046.8308 | I10: -14128.306 | J10: -2356.2146 | K10: =SUM(C10:J10) -> 378682.26 | M10: 2022 | N10: 9796453.9 | O10: 1255955.6 | P10: -48007.551 | Q10: -6154.8142 | R10: -1145.8431 | S10: -127.3159 | T10: 1718.2892 | U10: 286.56359 | V10: =SUM(N10:U10) -> 10998979
A11: Chhotaudepur Total | B11: 2015 | C11: -2555947.8 | D11: -327685.61 | E11: -2502197.6 | F11: -320794.56 | G11: -59722.392 | H11: -6635.8213 | I11: 89558.808 | J11: 14935.957 | K11: =SUM(C11:J11) -> -5668489
A12: Dahod Total | B12: 2015 | C12: -2231610.4 | D12: -286103.9 | E12: 324337.39 | F12: 41581.716 | G12: 7741.277 | H12: 860.14189 | I12: -11608.704 | J12: -1936.0139 | K12: =SUM(C12:J12) -> -2156738.5
A13: Dangs Total | B13: 2015 | C13: -2454408.3 | D13: -314667.73 | E13: -222797.86 | F13: -28563.828 | G13: -5317.734 | H13: -590.85933 | I13: 7974.3946 | J13: 1329.9107 | K13: =SUM(C13:J13) -> -3017042 | M13: Annual Change in Crabon Stocks(tonnes C/year)
A14: Devbhumi Dwarka Total | B14: 2015 | C14: -67829.34 | D14: -8696.0692 | E14: 2386578.9 | F14: 305971.66 | G14: 56962.809 | H14: 6329.2009 | I14: -85420.579 | J14: -14245.814 | K14: =SUM(C14:J14) -> 2579650.8 | M14: Year | N14: Forest Land
A15: Gandhinagar Total | B15: 2015 | C15: -672829.29 | D15: -86260.165 | E15: -604999.95 | F15: -77564.096 | G15: -14440.124 | H15: -1604.4582 | I15: 21654.195 | J15: 3611.3268 | K15: =SUM(C15:J15) -> -1432432.6 | M15: 2015 | N15: =V3 -> 23087428
A16: Gir Somnath Total | B16: 2015 | C16: -2406582.1 | D16: -308536.17 | E16: -1733752.8 | F16: -222276 | G16: -41381.171 | H16: -4597.9079 | I16: 62054.587 | J16: 10349.006 | K16: =SUM(C16:J16) -> -4644722.6 | M16: 2016 | N16: =V4 -> 12118530
A17: Jamnagar Total | B17: 2015 | C17: -222682.33 | D17: -28549.017 | E17: 2183899.8 | F17: 279987.15 | G17: 52125.268 | H17: 5791.6964 | I17: -78166.274 | J17: -13035.994 | K17: =SUM(C17:J17) -> 2179370.3 | M17: 2017 | N17: =V5 -> 11859447
A18: Junagadh Total | B18: 2015 | C18: -3808122.5 | D18: -488220.83 | E18: -3585440.1 | F18: -459671.81 | G18: -85577.199 | H18: -9508.5777 | I18: 128330.29 | J18: 21401.979 | K18: =SUM(C18:J18) -> -8286808.7 | M18: 2018 | N18: =V6 -> 11598506
A19: Kachchh Total | B19: 2015 | C19: -117619.96 | D19: -15079.481 | E19: 3690502.5 | F19: 473141.35 | G19: 88084.825 | H19: 9787.2028 | I19: -132090.69 | J19: -22029.111 | K19: =SUM(C19:J19) -> 3974696.6 | M19: 2019 | N19: =V7 -> 11344218
A20: Kheda Total | B20: 2015 | C20: -745749.88 | D20: -95608.959 | E20: -628129.92 | F20: -80529.477 | G20: -14992.19 | H20: -1665.7989 | I20: 22482.065 | J20: 3749.3928 | K20: =SUM(C20:J20) -> -1540444.8 | M20: 2020 | N20: =V8 -> 10819152
A21: Mahesana Total | B21: 2015 | C21: -574732.33 | D21: -73683.633 | E21: 171017.54 | F21: 21925.326 | G21: 4081.8426 | H21: 453.53807 | I21: -6121.0704 | J21: -1020.8269 | K21: =SUM(C21:J21) -> -458079.61 | M21: 2021 | N21: =V9 -> 11038739
A22: Mahisagar Total | B22: 2015 | C22: -1950662.5 | D22: -250084.94 | E22: -1375930.2 | F22: -176401.31 | G22: -32840.669 | H22: -3648.9632 | I22: 49247.378 | J22: 8213.1142 | K22: =SUM(C22:J22) -> -3732108.1 | M22: 2022 | N22: =V10 -> 10998979
A23: Morbi Total | B23: 2015 | C23: -535730.53 | D23: -68683.401 | E23: 1414932 | F23: 181401.54 | G23: 33771.563 | H23: 3752.3959 | I23: -50643.333 | J23: -8445.9213 | K23: =SUM(C23:J23) -> 970354.32
A24: Narmada Total | B24: 2015 | C24: -1910600.7 | D24: -244948.81 | E24: -1374870.2 | F24: -176265.4 | G24: -32815.368 | H24: -3646.152 | I24: 49209.437 | J24: 8206.7867 | K24: =SUM(C24:J24) -> -3685730.3
A25: Navsari Total | B25: 2015 | C25: -1078716.7 | D25: -138297.01 | E25: 831884.02 | F25: 106651.8 | G25: 19855.388 | H25: 2206.1542 | I25: -29774.844 | J25: -4965.6287 | K25: =SUM(C25:J25) -> -291156.8
A26: Panch_Mahals Total | B26: 2015 | C26: -2958437.7 | D26: -379286.88 | E26: -1879721 | F26: -240989.87 | G26: -44865.136 | H26: -4985.0151 | I26: 67279.089 | J26: 11220.31 | K26: =SUM(C26:J26) -> -5429786.2
A27: Patan Total | B27: 2015 | C27: -16214.249 | D27: -2078.7499 | E27: 2942223.4 | F27: 377208.13 | G27: 70224.918 | H27: 7802.7686 | I27: -105308.24 | J27: -17562.531 | K27: =SUM(C27:J27) -> 3256295.5
A28: Porbandar Total | B28: 2015 | C28: -266051.56 | D28: -34109.174 | E28: -249837.31 | F28: -32030.424 | G28: -5963.1108 | H28: -662.56787 | I28: 8942.1921 | J28: 1491.3128 | K28: =SUM(C28:J28) -> -578220.63
A29: Rajkot Total | B29: 2015 | C29: -195143.98 | D29: -25018.459 | E29: 70907.574 | F29: 9090.7146 | G29: 1692.4203 | H29: 188.0467 | I29: -2537.9282 | J29: -423.25694 | K29: =SUM(C29:J29) -> -141244.87
A30: Sabar_Kantha Total | B30: 2015 | C30: -3072813 | D30: -393950.39 | E30: -2877669 | F30: -368931.93 | G30: -68684.135 | H30: -7631.5706 | I30: 102997.71 | J30: 17177.197 | K30: =SUM(C30:J30) -> -6669505.2
A31: Surat Total | B31: 2015 | C31: -1046613.4 | D31: -134181.21 | E31: 2026199.6 | F31: 259769.18 | G31: 48361.284 | H31: 5373.476 | I31: -72521.86 | J31: -12094.661 | K31: =SUM(C31:J31) -> 1074292.4
A32: Surendranagar Total | B32: 2015 | C32: -855586.39 | D32: -109690.56 | E32: 191027.01 | F32: 24490.642 | G32: 4559.4281 | H32: 506.60312 | I32: -6837.2505 | J32: -1140.2662 | K32: =SUM(C32:J32) -> -752670.78
A33: Tapi Total | B33: 2015 | C33: -1503594.6 | D33: -192768.53 | E33: -648008.16 | F33: -83077.97 | G33: -15466.643 | H33: -1718.5159 | I33: 23193.548 | J33: 3868.0487 | K33: =SUM(C33:J33) -> -2417572.8
A34: Vadodara Total | B34: 2015 | C34: -845669.76 | D34: -108419.2 | E34: 657924.79 | F34: 84349.333 | G34: 15703.333 | H34: 1744.8148 | I34: -23548.484 | J34: -3927.2424 | K34: =SUM(C34:J34) -> -221842.41
... A266: Valsad Total | B266: 2022 | C266: -2460281.4 | D266: -315420.7 | E266: -1733292.3 | F266: -222216.96 | G266: -41370.179 | H266: -4596.6865 | I266: 62038.103 | J266: 10346.257 | K266: =SUM(C266:J266) -> -4704793.9
A268: CO2e GWP20/GWP100(tonnes CO₂e/year) | E268: CO2e GWP20/GWP100(tonnes CO₂e/year) | I268: Top Five Hotspots
A269: District | B269: Year | C269: Emissions(tonnes CO₂e/year) | E269: District | F269: Year | G269: Emissions(tonnes CO₂e/year) | J269: 2015 | K269: 2016 | L269: 2017 | M269: 2018 | N269: 2019 | O269: 2020 | P269: 2021 | Q269: 2022
A270: Ahmadabad Total | B270: 2015 | C270: -126057.35 | E270: Junagadh Total | F270: 2015 | G270: -8286808.7 | I270: Junagadh Total | J270: -8286808.7 | K270: -8295823.4 | L270: -8290718.2 | M270: -8241094.6 | N270: -8118991.8 | O270: -7985981.5 | P270: -7934657.2 | Q270: -7923732.3
A271: Amreli Total | B271: 2015 | C271: -1796071.9 | E271: Sabar_Kantha Total | F271: 2015 | G271: -6669505.2 | I271: Sabar_Kantha Total | J271: -6669505.2 | K271: -6692948.1 | L271: -6578800.8 | M271: -6769369.9 | N271: -6765761.1 | O271: -6502632.9 | P271: -6373260.6 | Q271: -6210811.6
A272: Anand Total | B272: 2015 | C272: 610517.36 | E272: Chhotaudepur Total | F272: 2015 | G272: -5668489 | I272: Chhotaudepur Total | J272: -5668489 | K272: -5990048 | L272: -6141404.5 | M272: -6067724.5 | N272: -5977094.2 | O272: -6021533.7 | P272: -6278751.7 | Q272: -6305409.9
A273: Arvalli Total | B273: 2015 | C273: -5033389.5 | E273: Panch_Mahals Total | F273: 2015 | G273: -5429786.2 | I273: Panch_Mahals Total | J273: -5429786.2 | K273: -5687891.1 | L273: -5829952.2 | M273: -5828262.2 | N273: -5745035.7 | O273: -5443214.1 | P273: -5230982.3 | Q273: -5179567
A274: Banas_Kantha Total | B274: 2015 | C274: -622263.22 | E274: Arvalli Total | F274: 2015 | G274: -5033389.5 | I274: Arvalli Total | J274: -5033389.5 | K274: -5129272.8 | L274: -5052949.7 | M274: -5093049.2 | N274: -4952162.7 | O274: -4431083.9 | P274: -4226276.7 | Q274: -4151128.8
A275: Bharuch Total | B275: 2015 | C275: 916266.43 | E275: Junagadh Total | F275: 2016 | G275: -8295823.4
A276: Bhavnagar Total | B276: 2015 | C276: -669392.22 | E276: Sabar_Kantha Total | F276: 2016 | G276: -6692948.1
A277: Botad Total | B277: 2015 | C277: 378682.26 | E277: Chhotaudepur Total | F277: 2016 | G277: -5990048
A278: Chhotaudepur Total | B278: 2015 | C278: -5668489 | E278: Panch_Mahals Total | F278: 2016 | G278: -5687891.1
A279: Dahod Total | B279: 2015 | C279: -2156738.5 | E279: Arvalli Total | F279: 2016 | G279: -5129272.8
A280: Dangs Total | B280: 2015 | C280: -3017042 | E280: Junagadh Total | F280: 2017 | G280: -8290718.2
A281: Devbhumi Dwarka Total | B281: 2015 | C281: 2579650.8 | E281: Sabar_Kantha Total | F281: 2017 | G281: -6578800.8
A282: Gandhinagar Total | B282: 2015 | C282: -1432432.6 | E282: Chhotaudepur Total | F282: 2017 | G282: -6141404.5
A283: Gir Somnath Total | B283: 2015 | C283: -4644722.6 | E283: Panch_Mahals Total | F283: 2017 | G283: -5829952.2
A284: Jamnagar Total | B284: 2015 | C284: 2179370.3 | E284: Arvalli Total | F284: 2017 | G284: -5052949.7
A285: Junagadh Total | B285: 2015 | C285: -8286808.7 | E285: Junagadh Total | F285: 2018 | G285: -8241094.6
A286: Kachchh Total | B286: 2015 | C286: 3974696.6 | E286: Sabar_Kantha Total | F286: 2018 | G286: -6769369.9
... A309: Bhavnagar Total | B309: 2016 | C309: -672203.68 | E309: Arvalli Total | F309: 2022 | G309: -4151128.8
A310: Botad Total | B310: 2016 | C310: 388860.31
A311: Chhotaudepur Total | B311: 2016 | C311: -5990048
A312: Dahod Total | B312: 2016 | C312: -2284812.2
A313: Dangs Total | B313: 2016 | C313: -2797112.9
A314: Devbhumi Dwarka Total | B314: 2016 | C314: 2536562.9
A315: Gandhinagar Total | B315: 2016 | C315: -1416912.4
A316: Gir Somnath Total | B316: 2016 | C316: -4692455.9
A317: Jamnagar Total | B317: 2016 | C317: 2163452.7
A318: Junagadh Total | B318: 2016 | C318: -8295823.4
A319: Kachchh Total | B319: 2016 | C319: 3906967.6
A320: Kheda Total | B320: 2016 | C320: -1527267.3
A321: Mahesana Total | B321: 2016 | C321: -429346.89
... A370: Amreli Total | B370: 2018 | C370: -1680858.5
A371: Anand Total | B371: 2018 | C371: 552554.52 | E371: Junagadh Total | F371: 2018 | G371: -8241094.6
A372: Arvalli Total | B372: 2018 | C372: -5093049.2 | E372: Sabar_Kantha Total | F372: 2018 | G372: -6769369.9
A373: Banas_Kantha Total | B373: 2018 | C373: -687600.89 | E373: Chhotaudepur Total | F373: 2018 | G373: -6067724.5
A374: Bharuch Total | B374: 2018 | C374: 935558.99 | E374: Panch_Mahals Total | F374: 2018 | G374: -5828262.2
A375: Bhavnagar Total | B375: 2018 | C375: -595809.54 | E375: Arvalli Total | F375: 2018 | G375: -5093049.2
A376: Botad Total | B376: 2018 | C376: 337688.15
A377: Chhotaudepur Total | B377: 2018 | C377: -6067724.5
A378: Dahod Total | B378: 2018 | C378: -2193554.4
A379: Dangs Total | B379: 2018 | C379: -2766938.3
A380: Devbhumi Dwarka Total | B380: 2018 | C380: 2517443.6
A381: Gandhinagar Total | B381: 2018 | C381: -1297074.8
A382: Gir Somnath Total | B382: 2018 | C382: -4722700.3
A383: Jamnagar Total | B383: 2018 | C383: 2204178.6
A384: Junagadh Total | B384: 2018 | C384: -8241094.6
A385: Kachchh Total | B385: 2018 | C385: 3980897.5
A386: Kheda Total | B386: 2018 | C386: -1557221.6
A387: Mahesana Total | B387: 2018 | C387: -352021.51
... A408: Bhavnagar Total | B408: 2019 | C408: -641514.22
A409: Botad Total | B409: 2019 | C409: 345174.01 | E409: Junagadh Total | F409: 2019 | G409: -8118991.8
A410: Chhotaudepur Total | B410: 2019 | C410: -5977094.2 | E410: Sabar_Kantha Total | F410: 2019 | G410: -6765761.1
A411: Dahod Total | B411: 2019 | C411: -2105619.8 | E411: Chhotaudepur Total | F411: 2019 | G411: -5977094.2
A412: Dangs Total | B412: 2019 | C412: -2821325.2 | E412: Panch_Mahals Total | F412: 2019 | G412: -5745035.7
A413: Devbhumi Dwarka Total | B413: 2019 | C413: 2516411.4 | E413: Arvalli Total | F413: 2019 | G413: -4952162.7
A414: Gandhinagar Total | B414: 2019 | C414: -1214433.5
A415: Gir Somnath Total | B415: 2019 | C415: -4749418.7
A416: Jamnagar Total | B416: 2019 | C416: 2201556.1
A417: Junagadh Total | B417: 2019 | C417: -8118991.8
A418: Kachchh Total | B418: 2019 | C418: 3926139.8
A419: Kheda Total | B419: 2019 | C419: -1430073.1
A420: Mahesana Total | B420: 2019 | C420: -372742.13
A421: Mahisagar Total | B421: 2019 | C421: -3858760.3
A422: Morbi Total | B422: 2019 | C422: 1191459.3
...

Sheet Updated Satellite Data
A1: SUM of area_ha | C1: year
A2: district_name | B2: type_name | C2: 2015 | D2: 2016 | E2: 2017 | F2: 2018 | G2: 2019 | H2: 2020 | I2: 2021 | J2: 2022 | K2: Grand Total
A3: AHMADABAD | B3: Bare areas | C3: 305.4967 | D3: 278.1332 | E3: 292.2392 | F3: 360.1373 | G3: 392.6118 | H3: 335.2511 | I3: 352.1132 | J3: 548.3054 | K3: 2864.2879
B4: Closed deciduous broadleaved forest | C4: 6639.49 | D4: 6208.178 | E4: 5582.637 | F4: 5361.349 | G4: 5262.411 | H4: 3946.45 | I4: 3469.597 | J4: 3763.256 | K4: 40233.368
B5: Closed evergreen broadleaved forest | C5: 2.97 | D5: 4.59 | E5: 3.24 | F5: 3.715059 | G5: 2.97 | H5: 3.42 | I5: 3.42 | J5: 3.24 | K5: 27.565059
B6: Closed evergreen needle-leaved forest | C6: 5.04 | D6: 3.42 | E6: 1.8 | F6: 0.63 | G6: 4.320353 | H6: 2.16 | I6: 9.63 | J6: 9.36 | K6: 36.360353
B7: Consolidated bare areas | C7: 1.44 | D7: 0.54 | E7: 1.08 | F7: 19.26 | G7: 11.34 | H7: 7.74 | I7: 16.02 | J7: 11.7 | K7: 69.12
B8: Deciduous shrubland | C8: 613.9433 | D8: 798.0819 | E8: 594.4747 | F8: 427.5487 | G8: 448.1968 | H8: 490.0027 | I8: 459.9074 | J8: 594.5838 | K8: 4426.7393
B9: Flooded flat | C9: 14558.76 | D9: 16539.46 | E9: 16175.46 | F9: 16874.31 | G9: 16712.32 | H9: 16395.15 | I9: 14263.52 | J9: 12932.12 | K9: 124451.1
B10: Grassland | C10: 25165.57 | D10: 24467.05 | E10: 22232.62 | F10: 23643.4 | G10: 24660.68 | H10: 21860.15 | I10: 22719.44 | J10: 22218.2 | K10: 186967.11
B11: Herbaceous cover cropland | C11: 20403.81 | D11: 20801.5 | E11: 21558.69 | F11: 19871.29 | G11: 19797.62 | H11: 18876.01 | I11: 18583.27 | J11: 18733.43 | K11: 158625.62
B12: Impervious surfaces | C12: 49667.31 | D12: 50375.59 | E12: 51518.96 | F12: 50985.71 | G12: 51546.97 | H12: 51122.79 | I12: 51631.2 | J12: 51615.12 | K12: 408463.65
B13: Irrigated cropland | C13: 191215.6 | D13: 189021.8 | E13: 189554.7 | F13: 186007.3 | G13: 187041.1 | H13: 201756.1 | I13: 208947.1 | J13: 211444.6 | K13: 1564988.3
B14: Mangrove | C14: 2850.197 | D14: 2900.873 | E14: 3217.049 | F14: 3478.256 | G14: 3726.018 | H14: 3773.799 | I14: 3725.986 | J14: 3889.143 | K14: 27561.321
B15: Marsh | C15: 5986.407 | D15: 5767.306 | E15: 4918.903 | F15: 5198.759 | G15: 5667.833 | H15: 5956.523 | I15: 4650.67 | J15: 4812.803 | K15: 42959.204
... B28: Water body | C28: 2677.755 | D28: 2856.879 | E28: 2442.444 | F28: 1901.666 | G28: 2333.513 | H28: 2884.689 | I28: 4799.014 | J28: 4658.829 | K28: 24554.789
A29: AHMADABAD Total | C29: 797859.49 | D29: 797859.4 | E29: 797859.4 | F29: 797859.32 | G29: 797859.38 | H29: 797859.47 | I29: 797859.43 | J29: 797859.4 | K29: 6382875.3
A30: AMRELI | B30: Bare areas | C30: 69.74682 | D30: 52.49259 | E30: 49.95 | F30: 63.29259 | G30: 78.69035 | H30: 43.81729 | I30: 48.42 | J30: 53.64 | K30: 460.04964
B31: Closed deciduous broadleaved forest | C31: 49769.1 | D31: 49858.98 | E31: 46753.21 | F31: 44257.61 | G31: 47317.68 | H31: 51073.19 | I31: 52161.91 | J31: 51118.68 | K31: 392310.36
B32: Closed evergreen broadleaved forest | C32: 5.13 | D32: 8.28 | E32: 7.38 | F32: 6.39 | G32: 6.57 | H32: 9.72 | I32: 7.83 | J32: 7.02 | K32: 58.32
B33: Closed evergreen needle-leaved forest | D33: 1.35 | E33: 0.18 | F33: 0.09 | I33: 0.005294 | J33: 0.455294 | K33: 2.080588
B34: Consolidated bare areas | C34: 0.27 | E34: 0.27 | F34: 1.08 | G34: 0.27 | H34: 0.27 | I34: 0.9 | J34: 0.63 | K34: 3.69
B35: Deciduous shrubland | C35: 427.77 | D35: 450.18 | E35: 404.2888 | F35: 359.6615 | G35: 333.3921 | H35: 334.8233 | I35: 342.5633 | J35: 374.5592 | K35: 3027.2382
B36: Flooded flat | C36: 5824.468 | D36: 5838.266 | E36: 5865.593 | F36: 5551.288 | G36: 5704.26 | H36: 6637.193 | I36: 6672.708 | J36: 6466.387 | K36: 48560.163
B37: Grassland | C37: 3063.12 | D37: 2924.576 | E37: 2829.505 | F37: 3315.52 | G37: 3178.889 | H37: 2855.809 | I37: 2834.77 | J37: 2878.927 | K37: 23881.116
B38: Herbaceous cover cropland | C38: 5535.361 | D38: 5224.169 | E38: 5159.261 | F38: 5071.475 | G38: 5577.968 | H38: 4941.613 | I38: 4825.235 | J38: 4913.402 | K38: 41248.484
B39: Impervious surfaces | C39: 17958.88 | D39: 18361.47 | E39: 19000.55 | F39: 18116.71 | G39: 17471.78 | H39: 18013.52 | I39: 18350 | J39: 18080.29 | K39: 145353.2
B40: Irrigated cropland | C40: 62542.76 | D40: 61909.06 | E40: 59820.12 | F40: 59230.87 | G40: 60632.04 | H40: 60416.2 | I40: 58768.74 | J40: 58720.16 | K40: 482039.95
B41: Mangrove | C41: 1113.422 | D41: 1208.28 | E41: 1225.157 | F41: 1168.264 | G41: 1318.627 | H41: 1311.808 | I41: 1275.207 | J41: 1222.366 | K41: 9843.131
B42: Marsh | C42: 1993.525 | D42: 1835.065 | E42: 1582.708 | F42: 1579.015 | G42: 1922.838 | H42: 2278.158 | I42: 1329.038 | J42: 1346.522 | K42: 13866.869
B43: Open deciduous broadleaved forest | C43: 409.74 | D43: 400.0267 | E43: 356.0209 | F43: 314.1109 | G43: 345.3431 | H43: 334.1294 | I43: 380.8952 | J43: 392.0001 | K43: 2932.2663
B44: Open deciduous needle-leaved forest | C44: 8.28 | D44: 5.58 | E44: 4.05 | F44: 3.69 | G44: 4.14 | H44: 7.2 | I44: 8.28 | J44: 9.72 | K44: 50.94
B45: Open evergreen broadleaved forest | C45: 2748.445 | D45: 2391.557 | E45: 2558.541 | F45: 2991.808 | G45: 3148.897 | H45: 2780.605 | I45: 3023.028 | J45: 3034.574 | K45: 22677.455
B46: Open evergreen needle-leaved forest | C46: 245.2627 | D46: 182.8669 | E46: 161.6573 | F46: 145.2748 | G46: 212.1734 | H46: 248.1614 | I46: 204.6025 | J46: 193.6401 | K46: 1593.6391
... B55: Water body | C55: 3729.916 | D55: 3626.585 | E55: 3516.424 | F55: 3689.28 | G55: 3455.013 | H55: 3004.276 | I55: 4238.967 | J55: 4159.224 | K55: 29419.685
A56: AMRELI Total | C56: 796075.3 | D56: 796075.32 | E56: 796075.39 | F56: 796075.35 | G56: 796075.39 | H56: 796075.33 | I56: 796075.35 | J56: 796075.32 | K56: 6368602.8
A57: ANAND | B57: Bare areas | C57: 86.73741 | D57: 98.39435 | E57: 142.5999 | F57: 189.2418 | G57: 158.7515 | H57: 77.88459 | I57: 60.26224 | J57: 58.49012 | K57: 872.36191
B58: Closed deciduous broadleaved forest | C58: 10168.47 | D58: 10304.86 | E58: 10359.36 | F58: 9834.76 | G58: 8889.212 | H58: 7822.789 | I58: 7511.703 | J58: 7706.804 | K58: 72597.958
B59: Closed evergreen broadleaved forest | C59: 54.25059 | D59: 61.06165 | E59: 58.59882 | F59: 62.31776 | G59: 61.42376 | H59: 58.40612 | I59: 50.54929 | J59: 49.31612 | K59: 455.92411
B60: Closed evergreen needle-leaved forest | C60: 3.42 | D60: 2.97 | E60: 2.43 | F60: 1.62 | G60: 0.9 | H60: 1.71 | I60: 2.189647 | J60: 4.709647 | K60: 19.949294
B61: Consolidated bare areas | F61: 0.09 | G61: 0.27 | I61: 0.36 | K61: 0.72
B62: Deciduous shrubland | C62: 55.64188 | D62: 77.56094 | E62: 60.52729 | F62: 49.17918 | G62: 47.12118 | H62: 50.69471 | I62: 52.92988 | J62: 71.00859 | K62: 464.66365
B63: Flooded flat | C63: 12669.41 | D63: 13066.43 | E63: 14589.29 | F63: 14545.87 | G63: 14750.87 | H63: 14601.05 | I63: 12431.92 | J63: 11691.6 | K63: 108346.44
B64: Grassland | C64: 4073.705 | D64: 3849.208 | E64: 3494.285 | F64: 4542.512 | G64: 4918.191 | H64: 4179.08 | I64: 3926.194 | J64: 3773.623 | K64: 32756.798
B65: Herbaceous cover cropland | C65: 961.0924 | D65: 983.6033 | E65: 1006.547 | F65: 932.4639 | G65: 928.4128 | H65: 887.5546 | I65: 896.5444 | J65: 917.6944 | K65: 7513.9128
B66: Impervious surfaces | C66: 14940.3 | D66: 15003.81 | E66: 14777.23 | F66: 14317.24 | G66: 15235.8 | H66: 15316.68 | I66: 14938.4 | J66: 14754.47 | K66: 119283.93
B67: Irrigated cropland | C67: 223299 | D67: 222907.7 | E67: 223787.1 | F67: 224430.4 | G67: 224648.8 | H67: 227171.2 | I67: 227616.8 | J67: 227709 | K67: 1801570
B68: Mangrove | C68: 1636.429 | D68: 1369.368 | E68: 1400.972 | F68: 1339.525 | G68: 1480.97 | H68: 1629.121 | I68: 1437.396 | J68: 1584.053 | K68: 11877.834
B69: Marsh | C69: 1106.233 | D69: 937.9062 | E69: 946.6864 | F69: 1107.333 | G69: 917.7808 | H69: 740.4946 | I69: 868.1778 | J69: 824.982 | K69: 7449.5938
B70: Open deciduous broadleaved forest | C70: 99.12 | D70: 99.04941 | E70: 96.13835 | F70: 94.58259 | G70: 113.0086 | H70: 102.2153 | I70: 94.06482 | J70: 93.70376 | K70: 791.88283
B71: Open deciduous needle-leaved forest | C71: 6.12 | D71: 3.51 | E71: 2.885294 | F71: 3.155294 | G71: 2.52 | H71: 2.7 | I71: 3.51 | J71: 3.87 | K71: 28.270588
B72: Open evergreen broadleaved forest | C72: 180.4108 | D72: 177.2072 | E72: 161.5666 | F72: 145.0856 | G72: 178.086 | H72: 209.6806 | I72: 269.8638 | J72: 259.5138 | K72: 1581.4144
B73: Open evergreen needle-leaved forest | C73: 79.35388 | D73: 78.32718 | E73: 68.24576 | F73: 61.44212 | G73: 48.23965 | H73: 35.42788 | I73: 45.38294 | J73: 44.48929 | K73: 460.9087
... B79: Tidal flat | C79: 38934 | D79: 39174.64 | E79: 37573.62 | F79: 37463.66 | G79: 37183.24 | H79: 36849.12 | I79: 38733.19 | J79: 38423.38 | K79: 304334.85
B80: Unconsolidated bare areas | C80: 0.09 | E80: 0.09 | F80: 1.35 | G80: 0.72 | H80: 1.71 | I80: 1.44 | J80: 1.62 | K80: 7.02
B81: Unknown | C81: 1.53 | D81: 32.04071 | E81: 53.92482 | F81: 31.43965 | G81: 22.05 | H81: 8.55 | I81: 5.76 | J81: 6.57 | K81: 161.86518
B82: Water body | C82: 2289.622 | D82: 2430.232 | E82: 2282.235 | F82: 1997.323 | G82: 2095.283 | H82: 2373.601 | I82: 2479.418 | J82: 2618.318 | K82: 18566.032
A83: ANAND Total | C83: 345093.87 | D83: 345093.84 | E83: 345093.87 | F83: 345093.87 | G83: 345093.92 | H83: 345093.89 | I83: 345093.91 | J83: 345093.84 | K83: 2760751
A84: ARVALLI | B84: Bare areas | C84: 156.9949 | D84: 181.5187 | E84: 40.41 | F84: 82.71459 | G84: 83.31776 | H84: 42.68471 | I84: 35.60965 | J84: 35.424 | K84: 658.67431
B85: Closed deciduous broadleaved forest | C85: 155152.7 | D85: 158938.6 | E85: 156162.1 | F85: 156821.8 | G85: 151592.1 | H85: 134537.9 | I85: 127980.2 | J85: 125856.1 | K85: 1167041.5
B86: Closed evergreen broadleaved forest | C86: 29.79494 | D86: 26.28494 | E86: 25.83494 | F86: 25.74494 | G86: 24.918 | H86: 21.24494 | I86: 21.60494 | J86: 21.33494 | K86: 196.76258
B87: Closed evergreen needle-leaved forest | C87: 6.777176 | D87: 65.65094 | E87: 28.73718 | F87: 18.18671 | G87: 8.098588 | H87: 11.69859 | I87: 8.638588 | J87: 9.004235 | K87: 156.79201
B88: Consolidated bare areas | G88: 0.09 | H88: 0.27 | I88: 0.45 | J88: 0.09 | K88: 0.9
B89: Deciduous shrubland | C89: 16.2 | D89: 20.88 | E89: 22.59 | F89: 18.9 | G89: 17.55 | H89: 27.81 | I89: 35.46 | J89: 32.58 | K89: 191.97
B90: Flooded flat | C90: 709.6539 | D90: 748.1615 | E90: 633.7496 | F90: 670.0853 | G90: 569.3456 | H90: 367.3676 | I90: 325.4686 | J90: 372.3995 | K90: 4396.2316
B91: Grassland | C91: 22.458 | D91: 19.92388 | E91: 16.90553 | F91: 18.20012 | G91: 22.87553 | H91: 29.27753 | I91: 41.24753 | J91: 36.72494 | K91: 207.61306
B92: Herbaceous cover cropland | C92: 321.6056 | D92: 321.1002 | E92: 322.1802 | F92: 321.6752 | G92: 326.1692 | H92: 344.4844 | I92: 385.7142 | J92: 386.7339 | K92: 2729.6629
B93: Impervious surfaces | C93: 6054.654 | D93: 6153.564 | E93: 6280.346 | F93: 5763.627 | G93: 6330.623 | H93: 6601.758 | I93: 6377.196 | J93: 6114.076 | K93: 49675.844
B94: Irrigated cropland | C94: 81830.98 | D94: 80244.29 | E94: 82424.33 | F94: 80605.23 | G94: 83838.77 | H94: 93191.62 | I94: 92740.53 | J94: 92856.26 | K94: 687732.01
B95: Marsh | C95: 2404.11 | D95: 2881.349 | E95: 3567.948 | F95: 3884.293 | G95: 3427.202 | H95: 3566.638 | I95: 3230.81 | J95: 2869.101 | K95: 25831.451
B96: Open deciduous broadleaved forest | C96: 173.5384 | D96: 183.9092 | E96: 150.6992 | F96: 178.1746 | G96: 191.2853 | H96: 260.4992 | I96: 442.1079 | J96: 367.9401 | K96: 1948.1539
B97: Open deciduous needle-leaved forest | C97: 1.435412 | D97: 1.17 | E97: 0.9 | F97: 0.54 | G97: 0.99 | H97: 0.99 | I97: 0.72 | J97: 0.63 | K97: 7.375412
B98: Open evergreen broadleaved forest | C98: 1980.453 | D98: 1781.023 | E98: 1822.666 | F98: 1826.454 | G98: 2049.038 | H98: 2328.959 | I98: 2503.043 | J98: 2481.304 | K98: 16772.94
B99: Open evergreen needle-leaved forest | C99: 1377.59 | D99: 1160.085 | E99: 843.6081 | F99: 877.356 | G99: 1801.591 | H99: 1625.65 | I99: 1361.356 | J99: 1477.772 | K99: 10525.008
B100: Open mixed leaf forest | C100: 2604.143 | D100: 2027.275 | E100: 2460.83 | F100: 2738.948 | G100: 2976.742 | H100: 3141.944 | I100: 2915.871 | J100: 2914.819 | K100: 21780.572
... B103: Sparse vegetation | C103: 196.2727 | D103: 125.01 | E103: 160.1333 | F103: 116.0319 | G103: 102.534 | H103: 132.3413 | I103: 123.3198 | J103: 101.2768 | K103: 1056.9198
B104: Unconsolidated bare areas | E104: 0.18 | F104: 2.7 | G104: 1.53 | H104: 3.78 | I104: 3.42 | J104: 2.97 | K104: 14.58
B105: Unknown | C105: 0.36 | D105: 0.9 | E105: 2.61 | F105: 1.62 | G105: 19.74671 | H105: 10.53 | I105: 3.33 | J105: 4.23 | K105: 43.32671
B106: Water body | C106: 2360.723 | D106: 2014.081 | E106: 2124.628 | F106: 1674.311 | G106: 2259.55 | H106: 2495.152 | I106: 2427.665 | J106: 2306.514 | K106: 17662.624
A107: ARVALLI Total | C107: 346382.17 | D107: 346382.15 | E107: 346382.16 | F107: 346382.19 | G107: 346382.19 | H107: 346382.1 | I107: 346382.1 | J107: 346382.14 | K107: 2771057.2
A108: BANASKANTHA | B108: Bare areas | C108: 1323.564 | D108: 1008.526 | E108: 1216.279 | F108: 1487.684 | G108: 1184.538 | H108: 1091.664 | I108: 1474.204 | J108: 1336.166 | K108: 10122.625
B109: Closed deciduous broadleaved forest | C109: 93821.69 | D109: 93905.81 | E109: 94474.58 | F109: 97353.68 | G109: 98458.82 | H109: 96514.58 | I109: 94794.24 | J109: 94355.64 | K109: 763679.04
B110: Closed evergreen broadleaved forest | C110: 13.90376 | D110: 14.26376 | E110: 13.27376 | F110: 10.93376 | G110: 11.20376 | H110: 10.21376 | I110: 8.773765 | J110: 8.593765 | K110: 91.16009
B111: Closed evergreen needle-leaved forest | C111: 16.15871 | D111: 37.85118 | E111: 22.90871 | F111: 21.10871 | G111: 19.57482 | H111: 20.65482 | I111: 32.03541 | J111: 29.24541 | K111: 199.53777
B112: Consolidated bare areas | C112: 1.227176 | D112: 0.978706 | E112: 0.438706 | F112: 1.230353 | G112: 5.916 | H112: 2.971412 | I112: 13.20388 | J112: 9.189529 | K112: 35.155762
B113: Deciduous shrubland | C113: 11234.78 | D113: 13339.09 | E113: 14538.44 | F113: 13745.19 | G113: 13565.56 | H113: 13877.34 | I113: 14493.07 | J113: 15813.63 | K113: 110607.1
B114: Flooded flat | C114: 1035.521 | D114: 1098.356 | E114: 1323.956 | F114: 1235.859 | G114: 1096.077 | H114: 905.8073 | I114: 816.6353 | J114: 783.2965 | K114: 8295.5081
B115: Grassland | C115: 614.6848 | D115: 873.7786 | E115: 662.4529 | F115: 716.9351 | G115: 941.0495 | H115: 901.3066 | I115: 731.3898 | J115: 729.8107 | K115: 6171.408
B116: Herbaceous cover cropland | C116: 144976.9 | D116: 142725.2 | E116: 140795.8 | F116: 140284.9 | G116: 142023.4 | H116: 139779.3 | I116: 136166.6 | J116: 134334.8 | K116: 1121086.9
B117: Impervious surfaces | C117: 21715.86 | D117: 21160.89 | E117: 21281.61 | F117: 21455.81 | G117: 23069.25 | H117: 20844.26 | I117: 20271.25 | J117: 20081.5 | K117: 169880.43
B118: Irrigated cropland | C118: 371204.3 | D118: 371462.3 | E118: 372088.5 | F118: 369897.2 | G118: 369764.5 | H118: 372814.3 | I118: 374163.2 | J118: 373808.4 | K118: 2975202.7
B119: Marsh | C119: 2408.852 | D119: 3170.654 | E119: 3030.421 | F119: 3370.255 | G119: 2625.961 | H119: 2205.191 | I119: 2056.603 | J119: 1439.648 | K119: 20307.585
B120: Open deciduous broadleaved forest | C120: 340.4675 | D120: 384.7588 | E120: 350.4681 | F120: 340.0327 | G120: 325.9998 | H120: 307.0334 | I120: 326.1784 | J120: 320.0259 | K120: 2694.9646
... B131: Water body | C131: 1946.917 | D131: 1920.041 | E131: 2081.657 | F131: 1586.147 | G131: 1594.452 | H131: 1537.918 | I131: 1704.733 | J131: 2026.339 | K131: 14398.204
A132: BANASKANTHA Total | C132: 1186196.1 | D132: 1186196 | E132: 1186196.1 | F132: 1186196.1 | G132: 1186196.1 | H132: 1186196.1 | I132: 1186196.1 | J132: 1186196.1 | K132: 9489568.8
A133: BHARUCH | B133: Bare areas | C133: 231.5365 | D133: 223.2484 | E133: 232.9175 | F133: 229.3246 | G133: 241.4658 | H133: 205.4421 | I133: 181.7202 | J133: 188.9689 | K133: 1734.624
B134: Closed deciduous broadleaved forest | C134: 18728.25 | D134: 19940.19 | E134: 20695.32 | F134: 19561.94 | G134: 18904.38 | H134: 18464.6 | I134: 19815.74 | J134: 20662.88 | K134: 156773.3
B135: Closed evergreen broadleaved forest | C135: 6.66 | D135: 7.02 | E135: 9.27 | F135: 11.07 | G135: 10.44 | H135: 14.49 | I135: 12.69 | J135: 12.24 | K135: 83.88
B136: Closed evergreen needle-leaved forest | C136: 0.508235 | D136: 3.96 | E136: 2.79 | F136: 0.99 | G136: 0.63 | H136: 0.18 | I136: 0.9 | J136: 0.798353 | K136: 10.756588
B137: Consolidated bare areas | C137: 1.17 | D137: 0.81 | E137: 2.25 | F137: 7.2 | G137: 8.91 | H137: 1.8 | I137: 6.12 | J137: 1.89 | K137: 30.15
...

Sheet GLC Forest Land Classes
C2: year | D2: SUM of area_ha
A3: district_name | B3: type_name | C3: 2015 | D3: 2016 | E3: 2017 | F3: 2018 | G3: 2019 | H3: 2020 | I3: 2021 | J3: 2022
A4: Ahmadabad
B5: Closed deciduous broadleaved forest | C5: 6639.49 | D5: 6208.178 | E5: 5582.637 | F5: 5361.349 | G5: 5262.411 | H5: 3946.45 | I5: 3469.597 | J5: 3763.256
B6: Closed evergreen broadleaved forest | C6: 2.97 | D6: 4.59 | E6: 3.24 | F6: 3.715059 | G6: 2.97 | H6: 3.42 | I6: 3.42 | J6: 3.24
B7: Open deciduous broadleaved forest | C7: 181.0616 | D7: 154.3747 | E7: 131.388 | F7: 148.3066 | G7: 249.6166 | H7: 188.1385 | I7: 180.2513 | J7: 192.15
B8: Open evergreen broadleaved forest | C8: 282.546 | D8: 304.8946 | E8: 315.7542 | F8: 195.9349 | G8: 176.9728 | H8: 183.2291 | I8: 240.7031 | J8: 274.0518
B9: Open mixed leaf forest | C9: 590.418 | D9: 570.8047 | E9: 541.8889 | F9: 398.3227 | G9: 511.9055 | H9: 490.6249 | I9: 600.1511 | J9: 609.3939
A10: Ahmadabad Total | C10: =SUM(C5:C9) -> 7696.4856 | D10: =SUM(D5:D9) -> 7242.842 | E10: =SUM(E5:E9) -> 6574.9081 | F10: =SUM(F5:F9) -> 6107.6283 | G10: =SUM(G5:G9) -> 6203.8759 | H10: =SUM(H5:H9) -> 4811.8625 | I10: =SUM(I5:I9) -> 4494.1225 | J10: =SUM(J5:J9) -> 4842.0917
A11: Amreli
B12: Closed deciduous broadleaved forest | C12: 49769.1 | D12: 49858.98 | E12: 46753.21 | F12: 44257.61 | G12: 47317.68 | H12: 51073.19 | I12: 52161.91 | J12: 51118.68
B13: Closed evergreen broadleaved forest | C13: 5.13 | D13: 8.28 | E13: 7.38 | F13: 6.39 | G13: 6.57 | H13: 9.72 | I13: 7.83 | J13: 7.02
B14: Open deciduous broadleaved forest | C14: 409.74 | D14: 400.0267 | E14: 356.0209 | F14: 314.1109 | G14: 345.3431 | H14: 334.1294 | I14: 380.8952 | J14: 392.0001
B15: Open evergreen broadleaved forest | C15: 2748.445 | D15: 2391.557 | E15: 2558.541 | F15: 2991.808 | G15: 3148.897 | H15: 2780.605 | I15: 3023.028 | J15: 3034.574
B16: Open mixed leaf forest | C16: 6092.501 | D16: 6220.438 | E16: 6313.609 | F16: 7124.853 | G16: 6762.5 | H16: 6814.988 | I16: 7692.467 | J16: 7489.173
A17: Amreli Total | C17: =SUM(C12:C16) -> 59024.916 | D17: =SUM(D12:D16) -> 58879.282 | E17: =SUM(E12:E16) -> 55988.761 | F17: =SUM(F12:F16) -> 54694.772 | G17: =SUM(G12:G16) -> 57580.99 | H17: =SUM(H12:H16) -> 61012.632 | I17: =SUM(I12:I16) -> 63266.13 | J17: =SUM(J12:J16) -> 62041.447
A18: Anand
B19: Closed deciduous broadleaved forest | C19: 10168.47 | D19: 10304.86 | E19: 10359.36 | F19: 9834.76 | G19: 8889.212 | H19: 7822.789 | I19: 7511.703 | J19: 7706.804
B20: Closed evergreen broadleaved forest | C20: 54.25059 | D20: 61.06165 | E20: 58.59882 | F20: 62.31776 | G20: 61.42376 | H20: 58.40612 | I20: 50.54929 | J20: 49.31612
B21: Open deciduous broadleaved forest | C21: 99.12 | D21: 99.04941 | E21: 96.13835 | F21: 94.58259 | G21: 113.0086 | H21: 102.2153 | I21: 94.06482 | J21: 93.70376
B22: Open evergreen broadleaved forest | C22: 180.4108 | D22: 177.2072 | E22: 161.5666 | F22: 145.0856 | G22: 178.086 | H22: 209.6806 | I22: 269.8638 | J22: 259.5138
B23: Open mixed leaf forest | C23: 45.05859 | D23: 45 | E23: 33.36812 | F23: 41.72224 | G23: 77.20059 | H23: 62.58388 | I23: 61.86388 | J23: 56.64388
A24: Anand Total | C24: =SUM(C19:C23) -> 10547.31 | D24: =SUM(D19:D23) -> 10687.178 | E24: =SUM(E19:E23) -> 10709.032 | F24: =SUM(F19:F23) -> 10178.468 | G24: =SUM(G19:G23) -> 9318.9309 | H24: =SUM(H19:H23) -> 8255.6749 | I24: =SUM(I19:I23) -> 7988.0448 | J24: =SUM(J19:J23) -> 8165.9816
A25: Arvalli
B26: Closed deciduous broadleaved forest | C26: 155152.7 | D26: 158938.6 | E26: 156162.1 | F26: 156821.8 | G26: 151592.1 | H26: 134537.9 | I26: 127980.2 | J26: 125856.1
B27: Closed evergreen broadleaved forest | C27: 29.79494 | D27: 26.28494 | E27: 25.83494 | F27: 25.74494 | G27: 24.918 | H27: 21.24494 | I27: 21.60494 | J27: 21.33494
B28: Open deciduous broadleaved forest | C28: 173.5384 | D28: 183.9092 | E28: 150.6992 | F28: 178.1746 | G28: 191.2853 | H28: 260.4992 | I28: 442.1079 | J28: 367.9401
B29: Open evergreen broadleaved forest | C29: 1980.453 | D29: 1781.023 | E29: 1822.666 | F29: 1826.454 | G29: 2049.038 | H29: 2328.959 | I29: 2503.043 | J29: 2481.304
B30: Open mixed leaf forest | C30: 2604.143 | D30: 2027.275 | E30: 2460.83 | F30: 2738.948 | G30: 2976.742 | H30: 3141.944 | I30: 2915.871 | J30: 2914.819
A31: Arvalli Total | C31: =SUM(C26:C30) -> 159940.63 | D31: =SUM(D26:D30) -> 162957.09 | E31: =SUM(E26:E30) -> 160622.13 | F31: =SUM(F26:F30) -> 161591.12 | G31: =SUM(G26:G30) -> 156834.08 | H31: =SUM(H26:H30) -> 140290.55 | I31: =SUM(I26:I30) -> 133862.83 | J31: =SUM(J26:J30) -> 131641.5
A32: Banas_Kantha
B33: Closed deciduous broadleaved forest | C33: 93821.69 | D33: 93905.81 | E33: 94474.58 | F33: 97353.68 | G33: 98458.82 | H33: 96514.58 | I33: 94794.24 | J33: 94355.64
B34: Closed evergreen broadleaved forest | C34: 13.90376 | D34: 14.26376 | E34: 13.27376 | F34: 10.93376 | G34: 11.20376 | H34: 10.21376 | I34: 8.773765 | J34: 8.593765
B35: Open deciduous broadleaved forest | C35: 340.4675 | D35: 384.7588 | E35: 350.4681 | F35: 340.0327 | G35: 325.9998 | H35: 307.0334 | I35: 326.1784 | J35: 320.0259
B36: Open evergreen broadleaved forest | C36: 2314.028 | D36: 2117.82 | E36: 1994.38 | F36: 1795.359 | G36: 1899.413 | H36: 1896.282 | I36: 2254.659 | J36: 2231.052
B37: Open mixed leaf forest | C37: 2061.841 | D37: 1926.708 | E37: 1908.521 | F37: 1879.733 | G37: 2046.351 | H37: 2226.356 | I37: 2332.457 | J37: 2313.616
A38: Banas_Kantha Total | C38: =SUM(C33:C37) -> 98551.93 | D38: =SUM(D33:D37) -> 98349.361 | E38: =SUM(E33:E37) -> 98741.223 | F38: =SUM(F33:F37) -> 101379.74 | G38: =SUM(G33:G37) -> 102741.79 | H38: =SUM(H33:H37) -> 100954.47 | I38: =SUM(I33:I37) -> 99716.308 | J38: =SUM(J33:J37) -> 99228.928
A39: Bharuch
B40: Closed deciduous broadleaved forest | C40: 18728.25 | D40: 19940.19 | E40: 20695.32 | F40: 19561.94 | G40: 18904.38 | H40: 18464.6 | I40: 19815.74 | J40: 20662.88
B41: Closed evergreen broadleaved forest | C41: 6.66 | D41: 7.02 | E41: 9.27 | F41: 11.07 | G41: 10.44 | H41: 14.49 | I41: 12.69 | J41: 12.24
B42: Open deciduous broadleaved forest | C42: 559.2194 | D42: 554.3414 | E42: 546.1475 | F42: 559.9196 | G42: 573.5855 | H42: 552.1101 | I42: 544.6306 | J42: 550.2508
B43: Open evergreen broadleaved forest | C43: 683.3636 | D43: 562.6412 | E43: 508.2169 | F43: 527.3061 | G43: 601.8222 | H43: 674.9834 | I43: 724.5776 | J43: 692.8352
B44: Open mixed leaf forest | C44: 801.6254 | D44: 769.3422 | E44: 871.6906 | F44: 930.2086 | G44: 899.4318 | H44: 1048.465 | I44: 1451.979 | J44: 1424.205
A45: Bharuch Total | C45: =SUM(C40:C44) -> 20779.118 | D45: =SUM(D40:D44) -> 21833.535 | E45: =SUM(E40:E44) -> 22630.645 | F45: =SUM(F40:F44) -> 21590.444 | G45: =SUM(G40:G44) -> 20989.659 | H45: =SUM(H40:H44) -> 20754.649 | I45: =SUM(I40:I44) -> 22549.617 | J45: =SUM(J40:J44) -> 23342.411
A46: Bhavnagar
B47: Closed deciduous broadleaved forest | C47: 25121.57 | D47: 25618.23 | E47: 24869.72 | F47: 23412.39 | G47: 24885.44 | H47: 26104.58 | I47: 26374.36 | J47: 25763.64
B48: Closed evergreen broadleaved forest | C48: 5.04 | D48: 4.95 | E48: 6.03 | F48: 4.14 | G48: 5.67 | H48: 10.53 | I48: 6.57 | J48: 6.39
B49: Open deciduous broadleaved forest | C49: 237.1853 | D49: 247.9948 | E49: 221.9036 | F49: 193.4284 | G49: 201.5569 | H49: 182.9252 | I49: 173.658 | J49: 190.9331
B50: Open evergreen broadleaved forest | C50: 1025.12 | D50: 881.1635 | E50: 896.6538 | F50: 979.8741 | G50: 870.6649 | H50: 787.1541 | I50: 823.2007 | J50: 876.6995
B51: Open mixed leaf forest | C51: 4503.973 | D51: 4750.584 | E51: 4317.604 | F51: 4444.373 | G51: 4177.272 | H51: 4314.652 | I51: 4992.638 | J51: 4962.711
A52: Bhavnagar Total | C52: =SUM(C47:C51) -> 30892.888 | D52: =SUM(D47:D51) -> 31502.922 | E52: =SUM(E47:E51) -> 30311.911 | F52: =SUM(F47:F51) -> 29034.206 | G52: =SUM(G47:G51) -> 30140.604 | H52: =SUM(H47:H51) -> 31399.841 | I52: =SUM(I47:I51) -> 32370.427 | J52: =SUM(J47:J51) -> 31800.374
A53: Botad
B54: Closed deciduous broadleaved forest | C54: 2752.99 | D54: 2737.289 | E54: 2795.725 | F54: 3072.2 | G54: 3519.473 | H54: 2685.994 | I54: 2277.351 | J54: 2238.605
B55: Closed evergreen broadleaved forest | C55: 0.36 | D55: 0.36 | E55: 0.63 | F55: 0.36 | G55: 0.45 | H55: 0.63 | I55: 0.81 | J55: 0.72
B56: Open deciduous broadleaved forest | C56: 168.3632 | D56: 193.5579 | E56: 171.684 | F56: 107.2574 | G56: 84.45459 | H56: 71.58459 | I56: 86.25918 | J56: 86.598
B57: Open evergreen broadleaved forest | C57: 220.5801 | D57: 232.3429 | E57: 280.3768 | F57: 292.008 | G57: 241.7238 | H57: 238.9931 | I57: 279.4066 | J57: 303.9049
B58: Open mixed leaf forest | C58: 560.1858 | D58: 529.0465 | E58: 543.4031 | F58: 567.5993 | G58: 512.6802 | H58: 436.5286 | I58: 492.3028 | J58: 507.4556
A59: Botad Total | C59: =SUM(C54:C58) -> 3702.4791 | D59: =SUM(D54:D58) -> 3692.5963 | E59: =SUM(E54:E58) -> 3791.8189 | F59: =SUM(F54:F58) -> 4039.4247 | G59: =SUM(G54:G58) -> 4358.7816 | H59: =SUM(H54:H58) -> 3433.7303 | I59: =SUM(I54:I58) -> 3136.1296 | J59: =SUM(J54:J58) -> 3137.2835
A60: Chhotaudepur
B61: Closed deciduous broadleaved forest | C61: 169764.4 | D61: 180538.6 | E61: 185111.6 | F61: 182638.9 | G61: 179337.9 | H61: 179815.5 | I61: 187538.4 | J61: 188334
B62: Closed evergreen broadleaved forest | C62: 74.18153 | D62: 82.01153 | E62: 97.22329 | F62: 100.8233 | G62: 111.8527 | H62: 109.4467 | I62: 114.4486 | J62: 109.7686
B63: Open deciduous broadleaved forest | C63: 1311.945 | D63: 1309.145 | E63: 1301.666 | F63: 1314.175 | G63: 1311.328 | H63: 1305.403 | I63: 1305.209 | J63: 1308.989
B64: Open evergreen broadleaved forest | C64: 2388.39 | D64: 1920.883 | E64: 1759.274 | F64: 1888.456 | G64: 2143.594 | H64: 2064.159 | I64: 1887.704 | J64: 1884.262
B65: Open mixed leaf forest | C65: 2522.557 | D65: 2089.144 | E65: 2371.286 | F65: 2557.077 | G65: 2967.799 | H65: 3484.448 | I65: 3691.083 | J65: 3719.745
A66: Chhotaudepur Total | C66: =SUM(C61:C65) -> 176061.47 | D66: =SUM(D61:D65) -> 185939.78 | E66: =SUM(E61:E65) -> 190641.05 | F66: =SUM(F61:F65) -> 188499.43 | G66: =SUM(G61:G65) -> 185872.47 | H66: =SUM(H61:H65) -> 186778.96 | I66: =SUM(I61:I65) -> 194536.84 | J66: =SUM(J61:J65) -> 195356.76
A67: Dahod
B68: Closed deciduous broadleaved forest | C68: 140813.7 | D68: 151723.1 | E68: 153643.8 | F68: 148741.1 | G68: 143398.4 | H68: 135950.3 | I68: 137263.3 | J68: 136273.6
B69: Closed evergreen broadleaved forest | C69: 9.18 | D69: 10.08 | E69: 10.98 | F69: 11.25 | G69: 10.35 | H69: 9.09 | I69: 10.17 | J69: 9.81
B70: Open deciduous broadleaved forest | C70: 443.9248 | D70: 465.0353 | E70: 430.0299 | F70: 440.2158 | G70: 424.1534 | H70: 513.1444 | I70: 548.1127 | J70: 530.3827
B71: Open evergreen broadleaved forest | C71: 2277.141 | D71: 1729.148 | E71: 1533.334 | F71: 1720.096 | G71: 2072.533 | H71: 2578.752 | I71: 2472.567 | J71: 2475.213
B72: Open mixed leaf forest | C72: 10176.18 | D72: 8634.716 | E72: 9208.279 | F72: 10115.7 | G72: 11115.68 | H72: 11775.98 | I72: 11212.25 | J72: 11230.24
A73: Dahod Total | C73: =SUM(C68:C72) -> 153720.13 | D73: =SUM(D68:D72) -> 162562.08 | E73: =SUM(E68:E72) -> 164826.42 | F73: =SUM(F68:F72) -> 161028.36 | G73: =SUM(G68:G72) -> 157021.12 | H73: =SUM(H68:H72) -> 150827.27 | I73: =SUM(I68:I72) -> 151506.4 | J73: =SUM(J68:J72) -> 150519.25
A74: Dangs
B75: Closed deciduous broadleaved forest | C75: 166714.8 | D75: 164734.5 | E75: 163708.4 | F75: 163157.3 | G75: 162840.9 | H75: 163875.3 | I75: 164571.2 | J75: 164271.3
B76: Closed evergreen broadleaved forest | C76: 2.07 | D76: 2.34 | E76: 4.05 | F76: 2.88 | G76: 2.7 | H76: 2.79 | I76: 3.78 | J76: 3.69
B77: Open deciduous broadleaved forest | C77: 241.2593 | D77: 237.7493 | E77: 237.1193 | F77: 238.0616 | G77: 240.8146 | H77: 251.3922 | I77: 248.1667 | J77: 253.1167
B78: Open evergreen broadleaved forest | C78: 769.0931 | D78: 624.6702 | E78: 682.0084 | F78: 585.7108 | G78: 599.0788 | H78: 696.1189 | I78: 780.2524 | J78: 805.2759
B79: Open mixed leaf forest | C79: 1339.899 | D79: 1099.184 | E79: 1188.969 | F79: 1025.422 | G79: 1007.48 | H79: 1475.411 | I79: 1821.198 | J79: 1804.229
A80: Dangs Total | C80: =SUM(C75:C79) -> 169067.12 | D80: =SUM(D75:D79) -> 166698.44 | E80: =SUM(E75:E79) -> 165820.55 | F80: =SUM(F75:F79) -> 165009.37 | G80: =SUM(G75:G79) -> 164690.97 | H80: =SUM(H75:H79) -> 166301.01 | I80: =SUM(I75:I79) -> 167424.6 | J80: =SUM(J75:J79) -> 167137.61
A81: Devbhumi Dwarka
B82: Closed deciduous broadleaved forest | C82: 3533.708 | D82: 3668.151 | E82: 3584.45 | F82: 3548.947 | G82: 3504.037 | H82: 3589.285 | I82: 3892.355 | J82: 3967.938
B83: Closed evergreen broadleaved forest | C83: 0.63 | D83: 0.54 | E83: 0.27 | F83: 0.27 | G83: 0.27 | H83: 0.36 | I83: 0.27 | J83: 0.27
B84: Open deciduous broadleaved forest | C84: 18.53824 | D84: 18.98824 | E84: 22.13824 | F84: 9.808235 | G84: 8.998235 | H84: 5.128235 | I84: 14.12824 | J84: 13.94824
B85: Open evergreen broadleaved forest | C85: 626.3516 | D85: 624.8633 | E85: 674.1392 | F85: 562.6108 | G85: 530.4727 | H85: 469.3034 | I85: 498.9801 | J85: 491.5507
B86: Open mixed leaf forest | C86: 493.0638 | D86: 507.7835 | E86: 531.6907 | F86: 447.5379 | G86: 399.0025 | H86: 400.9376 | I86: 512.5369 | J86: 528.8785
A87: Devbhumi Dwarka Total | C87: =SUM(C82:C86) -> 4672.2916 | D87: =SUM(D82:D86) -> 4820.326 | E87: =SUM(E82:E86) -> 4812.6881 | F87: =SUM(F82:F86) -> 4569.1739 | G87: =SUM(G82:G86) -> 4442.7804 | H87: =SUM(H82:H86) -> 4465.0142 | I87: =SUM(I82:I86) -> 4918.2702 | J87: =SUM(J82:J86) -> 5002.5854
A88: Gandhinagar
B89: Closed deciduous broadleaved forest | C89: 45115.54 | D89: 44781.7 | E89: 42390.32 | F89: 40917.39 | G89: 38313.3 | H89: 33656.78 | I89: 30772.01 | J89: 30574.98
B90: Closed evergreen broadleaved forest | C90: 24.59329 | D90: 22.48306 | E90: 19.37965 | F90: 27.36776 | G90: 26.58529 | H90: 21.68153 | I90: 20.42188 | J90: 19.56529
B91: Open deciduous broadleaved forest | C91: 88.67118 | D91: 89.73212 | E91: 76.54976 | F91: 96.58165 | G91: 90.65824 | H91: 98.20694 | I91: 115.8099 | J91: 121.0196
B92: Open evergreen broadleaved forest | C92: 596.8955 | D92: 587.0474 | E92: 573.4052 | F92: 504.5626 | G92: 512.6393 | H92: 507.4793 | I92: 596.8232 | J92: 597.8231
B93: Open mixed leaf forest | C93: 520.8318 | D93: 462.0667 | E93: 564.0473 | F93: 589.1562 | G93: 589.1044 | H93: 637.5935 | I93: 533.9873 | J93: 527.7279
A94: Gandhinagar Total | C94: =SUM(C89:C93) -> 46346.532 | D94: =SUM(D89:D93) -> 45943.029 | E94: =SUM(E89:E93) -> 43623.702 | F94: =SUM(F89:F93) -> 42135.058 | G94: =SUM(G89:G93) -> 39532.287 | H94: =SUM(H89:H93) -> 34921.741 | I94: =SUM(I89:I93) -> 32039.052 | J94: =SUM(J89:J93) -> 31841.116
A95: Gir Somnath
B96: Closed deciduous broadleaved forest | C96: 161993.3 | D96: 163420.5 | E96: 163762.6 | F96: 162461 | G96: 161418.6 | H96: 160528.8 | I96: 160152.4 | J96: 159808.5
B97: Closed evergreen broadleaved forest | C97: 101.862 | D97: 126.1359 | E97: 142.62 | F97: 141.5693 | G97: 503.2327 | H97: 223.7432 | I97: 274.6955 | J97: 270.0155
B98: Open deciduous broadleaved forest | C98: 1292.451 | D98: 1311.504 | E98: 1280.008 | F98: 1287.292 | G98: 1292.84 | H98: 1475.36 | I98: 1505.067 | J98: 1489.216
B99: Open evergreen broadleaved forest | C99: 1426.709 | D99: 1269.688 | E99: 1221.756 | F99: 1231.74 | G99: 1378.808 | H99: 1430.742 | I99: 1569.846 | J99: 1565.522
B100: Open mixed leaf forest | C100: 958.3881 | D100: 911.6015 | E100: 931.2836 | F100: 956.3612 | G100: 1013.147 | H100: 1076.238 | I100: 1123.771 | J100: 1104.284
A101: Gir Somnath Total | C101: =SUM(C96:C100) -> 165772.71 | D101: =SUM(D96:D100) -> 167039.43 | E101: =SUM(E96:E100) -> 167338.27 | F101: =SUM(F96:F100) -> 166077.96 | G101: =SUM(G96:G100) -> 165606.63 | H101: =SUM(H96:H100) -> 164734.88 | I101: =SUM(I96:I100) -> 164625.78 | J101: =SUM(J96:J100) -> 164237.54
...

Sheet Forest Land SUM of area_ha
B2: year | C2: SUM of area_ha
A3: district_name | B3: 2015 | C3: 2016 | D3: 2017 | E3: 2018 | F3: 2019 | G3: 2020 | H3: 2021 | I3: 2022
A4: Ahmadabad Total | B4: 7696.4856 | C4: 7242.842 | D4: 6574.9081 | E4: 6107.6283 | F4: 6203.8759 | G4: 4811.8625 | H4: 4494.1225 | I4: 4842.0917
A5: Amreli Total | B5: 59024.916 | C5: 58879.282 | D5: 55988.761 | E5: 54694.772 | F5: 57580.99 | G5: 61012.632 | H5: 63266.13 | I5: 62041.447
A6: Anand Total | B6: 10547.31 | C6: 10687.178 | D6: 10709.032 | E6: 10178.468 | F6: 9318.9309 | G6: 8255.6749 | H6: 7988.0448 | I6: 8165.9816
A7: Arvalli Total | B7: 159940.63 | C7: 162957.09 | D7: 160622.13 | E7: 161591.12 | F7: 156834.08 | G7: 140290.55 | H7: 133862.83 | I7: 131641.5
A8: Banas_Kantha Total | B8: 98551.93 | C8: 98349.361 | D8: 98741.223 | E8: 101379.74 | F8: 102741.79 | G8: 100954.47 | H8: 99716.308 | I8: 99228.928
A9: Bharuch Total | B9: 20779.118 | C9: 21833.535 | D9: 22630.645 | E9: 21590.444 | F9: 20989.659 | G9: 20754.649 | H9: 22549.617 | I9: 23342.411
A10: Bhavnagar Total | B10: 30892.888 | C10: 31502.922 | D10: 30311.911 | E10: 29034.206 | F10: 30140.604 | G10: 31399.841 | H10: 32370.427 | I10: 31800.374
A11: Botad Total | B11: 3702.4791 | C11: 3692.5963 | D11: 3791.8189 | E11: 4039.4247 | F11: 4358.7816 | G11: 3433.7303 | H11: 3136.1296 | I11: 3137.2835
A12: Chhotaudepur Total | B12: 176061.47 | C12: 185939.78 | D12: 190641.05 | E12: 188499.43 | F12: 185872.47 | G12: 186778.96 | H12: 194536.84 | I12: 195356.76
A13: Dahod Total | B13: 153720.13 | C13: 162562.08 | D13: 164826.42 | E13: 161028.36 | F13: 157021.12 | G13: 150827.27 | H13: 151506.4 | I13: 150519.25
A14: Dangs Total | B14: 169067.12 | C14: 166698.44 | D14: 165820.55 | E14: 165009.37 | F14: 164690.97 | G14: 166301.01 | H14: 167424.6 | I14: 167137.61
... A36: Valsad Total | B36: 174091.29 | C36: 175569.96 | D36: 175847.95 | E36: 173832.23 | F36: 168932.71 | G36: 166691.12 | H36: 169304.01 | I36: 169471.68
A37: Total | B37: =SUM(B4:B35) -> 2601864.8 | C37: =SUM(C4:C35) -> 2657797.3 | D37: =SUM(D4:D35) -> 2656375.7 | E37: =SUM(E4:E35) -> 2626262.7 | F37: =SUM(F4:F35) -> 2582651.3 | G37: =SUM(G4:G35) -> 2501820.9 | H37: =SUM(H4:H35) -> 2486427.2 | I37: =SUM(I4:I35) -> 2474301.9

Sheet State_Forest Land A1.9
A1: Sector | C1: Agriculture, Forestry and Other Land Use
A2: Category | C2: Forest Land Remaining Forest Land: Annual increase in carbon stocks in biomass (includes above-ground and below-ground biomass)
A3: Category code | C3: 3B1a
A4: Sheet | C4: 1 of 4
A5: Equation | C5: Equation 2.2 | D5: Equation 2.9 | G5: Equation 2.10 | J5: Equation 2.9 | N5: Equation 2.10 | Q5: Equation 2.9
A6: Land-use category | C6: Subcategories for reporting year | D6: Area of Forest Land Remaining Forest Land | E6: Climate Type | F6: Area of Forest Land Remaining Forest Land | G6: Average annual above-ground biomass growth | H6: Ratio of belowground biomass to above-ground biomass | I6: Average annual biomass growth above- and below-ground | J6: Carbon fraction of dry matter | K6: Annual increase in biomass carbon stocks due to biomass growth | L6: Climate Type | M6: Area of Forest Land Remaining Forest Land | N6: Average annual above-ground biomass growth | O6: Ratio of belowground biomass to above-ground biomass | P6: Average annual biomass growth above- and below-ground | Q6: Carbon fraction of dry matter | R6: Annual increase in biomass carbon stocks due to biomass growth
A7: Initial land use | B7: Land use during reporting year | D7: (ha) | G7: (tonnes dm ha-1 yr-1) | H7: [tonnes bg dm (tonne ag dm)-1] | I7: (tonnes dm ha-1 yr-1) | J7: [tonnes C (tonne dm)-1] | K7: (tonnes C yr-1) | N7: (tonnes dm ha-1 yr-1) | O7: [tonnes bg dm (tonne ag dm)-1] | P7: (tonnes dm ha-1 yr-1) | Q7: [tonnes C (tonne dm)-1] | R7: (tonnes C yr-1)
D8: National statistics or international data sources | F8: Tropical Dry 90% of Total Forest Land | G8: Tables 4.9, 4.10 and 4.12 | H8: zero (0) or Table 4.4 | I8: GTOTAL = GW * (1+R) | J8: 0.5 or Table 4.3 | K8: ΔCG = A * GTOTAL * CF | M8: Tropical Moist 10% of Total Forest Land | N8: Tables 4.9, 4.10 and 4.12 | O8: zero (0) or Table 4.4 | P8: GTOTAL = GW * (1+R) | Q8: 0.5 or Table 4.3 | R8: ΔCG = A * GTOTAL * CF
D9: A | F9: A | G9: GW | H9: R | I9: GTOTAL | J9: CF | K9: ΔCG | M9: A | N9: GW | O9: R | P9: GTOTAL | Q9: CF | R9: ΔCG
A10: FL | B10: FL | C10: 2005 | E10: Tropical Dry | F10: =D10*90% -> 0 | G10: 6 | H10: 0.56 | I10: =G10*(1+H10) -> 9.36 | J10: 0.47 | K10: =F10*I10*J10 -> 0 | L10: Tropical Moist | M10: =D10*10% -> 0 | N10: 9 | O10: 0.2 | P10: =N10*(1+O10) -> 10.8 | Q10: 0.47 | R10: =M10*P10*Q10 -> 0
C11: 2006 | F11: =D11*90% -> 0 | G11: 6 | H11: 0.56 | I11: =G11*(1+H11) -> 9.36 | J11: 0.47 | K11: =F11*I11*J11 -> 0 | M11: =D11*10% -> 0 | N11: 9 | O11: 0.2 | P11: =N11*(1+O11) -> 10.8 | Q11: 0.47 | R11: =M11*P11*Q11 -> 0
C12: 2007 | F12: =D12*90% -> 0 | G12: 6 | H12: 0.56 | I12: =G12*(1+H12) -> 9.36 | J12: 0.47 | K12: =F12*I12*J12 -> 0 | M12: =D12*10% -> 0 | N12: 9 | O12: 0.2 | P12: =N12*(1+O12) -> 10.8 | Q12: 0.47 | R12: =M12*P12*Q12 -> 0
C13: 2008 | F13: =D13*90% -> 0 | G13: 6 | H13: 0.56 | I13: =G13*(1+H13) -> 9.36 | J13: 0.47 | K13: =F13*I13*J13 -> 0 | M13: =D13*10% -> 0 | N13: 9 | O13: 0.2 | P13: =N13*(1+O13) -> 10.8 | Q13: 0.47 | R13: =M13*P13*Q13 -> 0
C14: 2009 | F14: =D14*90% -> 0 | G14: 6 | H14: 0.56 | I14: =G14*(1+H14) -> 9.36 | J14: 0.47 | K14: =F14*I14*J14 -> 0 | M14: =D14*10% -> 0 | N14: 9 | O14: 0.2 | P14: =N14*(1+O14) -> 10.8 | Q14: 0.47 | R14: =M14*P14*Q14 -> 0
C15: 2010 | F15: =D15*90% -> 0 | G15: 6 | H15: 0.56 | I15: =G15*(1+H15) -> 9.36 | J15: 0.47 | K15: =F15*I15*J15 -> 0 | M15: =D15*10% -> 0 | N15: 9 | O15: 0.2 | P15: =N15*(1+O15) -> 10.8 | Q15: 0.47 | R15: =M15*P15*Q15 -> 0
C16: 2011 | F16: =D16*90% -> 0 | G16: 6 | H16: 0.56 | I16: =G16*(1+H16) -> 9.36 | J16: 0.47 | K16: =F16*I16*J16 -> 0 | M16: =D16*10% -> 0 | N16: 9 | O16: 0.2 | P16: =N16*(1+O16) -> 10.8 | Q16: 0.47 | R16: =M16*P16*Q16 -> 0
C17: 2012 | F17: =D17*90% -> 0 | G17: 6 | H17: 0.56 | I17: =G17*(1+H17) -> 9.36 | J17: 0.47 | K17: =F17*I17*J17 -> 0 | M17: =D17*10% -> 0 | N17: 9 | O17: 0.2 | P17: =N17*(1+O17) -> 10.8 | Q17: 0.47 | R17: =M17*P17*Q17 -> 0
C18: 2013 | F18: =D18*90% -> 0 | G18: 6 | H18: 0.56 | I18: =G18*(1+H18) -> 9.36 | J18: 0.47 | K18: =F18*I18*J18 -> 0 | M18: =D18*10% -> 0 | N18: 9 | O18: 0.2 | P18: =N18*(1+O18) -> 10.8 | Q18: 0.47 | R18: =M18*P18*Q18 -> 0
C19: 2014 | F19: =D19*90% -> 0 | G19: 6 | H19: 0.56 | I19: =G19*(1+H19) -> 9.36 | J19: 0.47 | K19: =F19*I19*J19 -> 0 | M19: =D19*10% -> 0 | N19: 9 | O19: 0.2 | P19: =N19*(1+O19) -> 10.8 | Q19: 0.47 | R19: =M19*P19*Q19 -> 0
C20: 2015 | D20: ='Forest Land SUM of area_ha'!B37 -> 2601864.8 | F20: =D20*90% -> 2341678.3 | G20: 6 | H20: 0.56 | I20: =G20*(1+H20) -> 9.36 | J20: 0.47 | K20: =F20*I20*J20 -> 10301511 | M20: =D20*10% -> 260186.48 | N20: 9 | O20: 0.2 | P20: =N20*(1+O20) -> 10.8 | Q20: 0.47 | R20: =M20*P20*Q20 -> 1320706.6
C21: 2016 | D21: ='Forest Land SUM of area_ha'!C37 -> 2657797.3 | F21: =D21*90% -> 2392017.6 | G21: 6 | H21: 0.56 | I21: =G21*(1+H21) -> 9.36 | J21: 0.47 | K21: =F21*I21*J21 -> 10522964 | M21: =D21*10% -> 265779.73 | N21: 9 | O21: 0.2 | P21: =N21*(1+O21) -> 10.8 | Q21: 0.47 | R21: =M21*P21*Q21 -> 1349097.9
C22: 2017 | D22: ='Forest Land SUM of area_ha'!D37 -> 2656375.7 | F22: =D22*90% -> 2390738.1 | G22: 6 | H22: 0.56 | I22: =G22*(1+H22) -> 9.36 | J22: 0.47 | K22: =F22*I22*J22 -> 10517335 | M22: =D22*10% -> 265637.57 | N22: 9 | O22: 0.2 | P22: =N22*(1+O22) -> 10.8 | Q22: 0.47 | R22: =M22*P22*Q22 -> 1348376.3
C23: 2018 | D23: ='Forest Land SUM of area_ha'!E37 -> 2626262.7 | F23: =D23*90% -> 2363636.4 | G23: 6 | H23: 0.56 | I23: =G23*(1+H23) -> 9.36 | J23: 0.47 | K23: =F23*I23*J23 -> 10398109 | M23: =D23*10% -> 262626.27 | N23: 9 | O23: 0.2 | P23: =N23*(1+O23) -> 10.8 | Q23: 0.47 | R23: =M23*P23*Q23 -> 1333090.9
C24: 2019 | D24: ='Forest Land SUM of area_ha'!F37 -> 2582651.3 | F24: =D24*90% -> 2324386.1 | G24: 6 | H24: 0.56 | I24: =G24*(1+H24) -> 9.36 | J24: 0.47 | K24: =F24*I24*J24 -> 10225440 | M24: =D24*10% -> 258265.13 | N24: 9 | O24: 0.2 | P24: =N24*(1+O24) -> 10.8 | Q24: 0.47 | R24: =M24*P24*Q24 -> 1310953.8
C25: 2020 | D25: ='Forest Land SUM of area_ha'!G37 -> 2501820.9 | F25: =D25*90% -> 2251638.8 | G25: 6 | H25: 0.56 | I25: =G25*(1+H25) -> 9.36 | J25: 0.47 | K25: =F25*I25*J25 -> 9905409.3 | M25: =D25*10% -> 250182.09 | N25: 9 | O25: 0.2 | P25: =N25*(1+O25) -> 10.8 | Q25: 0.47 | R25: =M25*P25*Q25 -> 1269924.3
C26: 2021 | D26: ='Forest Land SUM of area_ha'!H37 -> 2486427.2 | F26: =D26*90% -> 2237784.5 | G26: 6 | H26: 0.56 | I26: =G26*(1+H26) -> 9.36 | J26: 0.47 | K26: =F26*I26*J26 -> 9844461.4 | M26: =D26*10% -> 248642.72 | N26: 9 | O26: 0.2 | P26: =N26*(1+O26) -> 10.8 | Q26: 0.47 | R26: =M26*P26*Q26 -> 1262110.4
C27: 2022 | D27: ='Forest Land SUM of area_ha'!I37 -> 2474301.9 | F27: =D27*90% -> 2226871.7 | G27: 6 | H27: 0.56 | I27: =G27*(1+H27) -> 9.36 | J27: 0.47 | K27: =F27*I27*J27 -> 9796453.9 | M27: =D27*10% -> 247430.19 | N27: 9 | O27: 0.2 | P27: =N27*(1+O27) -> 10.8 | Q27: 0.47 | R27: =M27*P27*Q27 -> 1255955.6
C28: 2023 | F28: =D28*90% -> 0 | G28: 6 | H28: 0.56 | I28: =G28*(1+H28) -> 9.36 | J28: 0.47 | K28: =F28*I28*J28 -> 0 | M28: =D28*10% -> 0 | N28: 9 | O28: 0.2 | P28: =N28*(1+O28) -> 10.8 | Q28: 0.47 | R28: =M28*P28*Q28 -> 0

Sheet State_Forest Land A1.14
A2: Sector | C2: Agriculture, Forestry and Other Land Use
A3: Category | C3: Land Converted to Forest Land: Annual increase in carbon stocks in biomass (includes above- and below-ground biomass)
A4: Category code | C4: 3B1b
A5: Sheet | C5: 1 of 4
A6: Equation | C6: Equation 2.2 | D6: Equation 2.9 | H6: Equation 2.10 | K6: Equation 2.9 | P6: Equation 2.10 | S6: Equation 2.9
A7: Land-use category | C7: Subcategories for reporting year | D7: Area of Forest Land | E7: Climate Type | F7: Area of Forest Land | G7: Area of Land Converted To Forest Land | H7: Average annual aboveground biomass growth | I7: Ratio of belowground biomass to above-ground biomass | J7: Average annual biomass growth above and belowground | K7: Carbon fraction of dry matter | L7: Annual increase in biomass carbon stocks due to biomass growth | M7: Climate Type | N7: Area of Forest Land Remaining Forest Land | O7: Area of Land Converted To Forest Land | P7: Average annual aboveground biomass growth | Q7: Ratio of belowground biomass to above-ground biomass | R7: Average annual biomass growth above and belowground | S7: Carbon fraction of dry matter | T7: Annual increase in biomass carbon stocks due to biomass growth
A8: Initial land use1 | B8: Land use during reporting year | D8: (ha) | H8: (tonnes dm ha-1 yr-1) | I8: [tonnes bg dm (tonne ag dm)-1] | J8: (tonnes dm ha-1 yr-1) | K8: [tonnes C (tonne dm)-1] | L8: (tonnes C yr-1) | P8: (tonnes dm ha-1 yr-1) | Q8: [tonnes bg dm (tonne ag dm)-1] | R8: (tonnes dm ha-1 yr-1) | S8: [tonnes C (tonne dm)-1] | T8: (tonnes C yr-1)
D9: National statistics or international data sources | F9: Tropical Dry 90% of Total Forest Land | H9: Tables 4.9, 4.10 and 4.12 | I9: zero (0) or Table 4.4 | J9: GTOTAL = GW * (1+R) | K9: 0.5 or Table 4.3 | L9: ΔCG = A * GTOTAL * CF | N9: Tropical Moist 10% of Total Forest Land | P9: Tables 4.9, 4.10 and 4.12 | Q9: zero (0) or Table 4.4 | R9: GTOTAL = GW * (1+R) | S9: 0.5 or Table 4.3 | T9: ΔCG = A * GTOTAL * CF
D10: A | F10: A | G10: A | H10: GW | I10: R | J10: GTOTAL | K10: CF | L10: ΔCG | N10: A | O10: A | P10: GW | Q10: R | R10: GTOTAL | S10: CF | T10: ΔCG
A11: CL, GL, WL, SL, OL | B11: FL | C11: 2005 | E11: Tropical Dry | F11: =D11*90% -> 0 | H11: 6 | I11: 0.56 | J11: =H11*(1+I11) -> 9.36 | K11: 0.47 | L11: =G11*J11*K11 -> 0 | M11: Tropical Moist | N11: =D11*10% -> 0 | P11: 9 | Q11: 0.2 | R11: =P11*(1+Q11) -> 10.8 | S11: 0.47 | T11: =O11*R11*S11 -> 0
A12: CL, GL, WL, SL, OL | B12: FL | C12: 2006 | F12: =D12*90% -> 0 | G12: =F12-F11 -> 0 | H12: 6 | I12: 0.56 | J12: =H12*(1+I12) -> 9.36 | K12: 0.47 | L12: =G12*J12*K12 -> 0 | N12: =D12*10% -> 0 | O12: =N12-N11 -> 0 | P12: 9 | Q12: 0.2 | R12: =P12*(1+Q12) -> 10.8 | S12: 0.47 | T12: =O12*R12*S12 -> 0
A13: CL, GL, WL, SL, OL | B13: FL | C13: 2007 | F13: =D13*90% -> 0 | G13: =F13-F12 -> 0 | H13: 6 | I13: 0.56 | J13: =H13*(1+I13) -> 9.36 | K13: 0.47 | L13: =G13*J13*K13 -> 0 | N13: =D13*10% -> 0 | O13: =N13-N12 -> 0 | P13: 9 | Q13: 0.2 | R13: =P13*(1+Q13) -> 10.8 | S13: 0.47 | T13: =O13*R13*S13 -> 0
A14: CL, GL, WL, SL, OL | B14: FL | C14: 2008 | F14: =D14*90% -> 0 | G14: =F14-F13 -> 0 | H14: 6 | I14: 0.56 | J14: =H14*(1+I14) -> 9.36 | K14: 0.47 | L14: =G14*J14*K14 -> 0 | N14: =D14*10% -> 0 | O14: =N14-N13 -> 0 | P14: 9 | Q14: 0.2 | R14: =P14*(1+Q14) -> 10.8 | S14: 0.47 | T14: =O14*R14*S14 -> 0
A15: CL, GL, WL, SL, OL | B15: FL | C15: 2009 | F15: =D15*90% -> 0 | G15: =F15-F14 -> 0 | H15: 6 | I15: 0.56 | J15: =H15*(1+I15) -> 9.36 | K15: 0.47 | L15: =G15*J15*K15 -> 0 | N15: =D15*10% -> 0 | O15: =N15-N14 -> 0 | P15: 9 | Q15: 0.2 | R15: =P15*(1+Q15) -> 10.8 | S15: 0.47 | T15: =O15*R15*S15 -> 0
A16: CL, GL, WL, SL, OL | B16: FL | C16: 2010 | F16: =D16*90% -> 0 | G16: =F16-F15 -> 0 | H16: 6 | I16: 0.56 | J16: =H16*(1+I16) -> 9.36 | K16: 0.47 | L16: =G16*J16*K16 -> 0 | N16: =D16*10% -> 0 | O16: =N16-N15 -> 0 | P16: 9 | Q16: 0.2 | R16: =P16*(1+Q16) -> 10.8 | S16: 0.47 | T16: =O16*R16*S16 -> 0
A17: CL, GL, WL, SL, OL | B17: FL | C17: 2011 | F17: =D17*90% -> 0 | G17: =F17-F16 -> 0 | H17: 6 | I17: 0.56 | J17: =H17*(1+I17) -> 9.36 | K17: 0.47 | L17: =G17*J17*K17 -> 0 | N17: =D17*10% -> 0 | O17: =N17-N16 -> 0 | P17: 9 | Q17: 0.2 | R17: =P17*(1+Q17) -> 10.8 | S17: 0.47 | T17: =O17*R17*S17 -> 0
A18: CL, GL, WL, SL, OL | B18: FL | C18: 2012 | F18: =D18*90% -> 0 | G18: =F18-F17 -> 0 | H18: 6 | I18: 0.56 | J18: =H18*(1+I18) -> 9.36 | K18: 0.47 | L18: =G18*J18*K18 -> 0 | N18: =D18*10% -> 0 | O18: =N18-N17 -> 0 | P18: 9 | Q18: 0.2 | R18: =P18*(1+Q18) -> 10.8 | S18: 0.47 | T18: =O18*R18*S18 -> 0
A19: CL, GL, WL, SL, OL | B19: FL | C19: 2013 | F19: =D19*90% -> 0 | G19: =F19-F18 -> 0 | H19: 6 | I19: 0.56 | J19: =H19*(1+I19) -> 9.36 | K19: 0.47 | L19: =G19*J19*K19 -> 0 | N19: =D19*10% -> 0 | O19: =N19-N18 -> 0 | P19: 9 | Q19: 0.2 | R19: =P19*(1+Q19) -> 10.8 | S19: 0.47 | T19: =O19*R19*S19 -> 0
A20: CL, GL, WL, SL, OL | B20: FL | C20: 2014 | F20: =D20*90% -> 0 | G20: =F20-F19 -> 0 | H20: 6 | I20: 0.56 | J20: =H20*(1+I20) -> 9.36 | K20: 0.47 | L20: =G20*J20*K20 -> 0 | N20: =D20*10% -> 0 | O20: =N20-N19 -> 0 | P20: 9 | Q20: 0.2 | R20: =P20*(1+Q20) -> 10.8 | S20: 0.47 | T20: =O20*R20*S20 -> 0
A21: CL, GL, WL, SL, OL | B21: FL | C21: 2015 | D21: ='State_Forest Land A1.9'!D20 -> 2601864.8 | F21: =D21*90% -> 2341678.3 | G21: =F21-F20 -> 2341678.3 | H21: 6 | I21: 0.56 | J21: =H21*(1+I21) -> 9.36 | K21: 0.47 | L21: =G21*J21*K21 -> 10301511 | N21: =D21*10% -> 260186.48 | O21: =N21-N20 -> 260186.48 | P21: 9 | Q21: 0.2 | R21: =P21*(1+Q21) -> 10.8 | S21: 0.47 | T21: =O21*R21*S21 -> 1320706.6
A22: CL, GL, WL, SL, OL | B22: FL | C22: 2016 | D22: ='State_Forest Land A1.9'!D21 -> 2657797.3 | F22: =D22*90% -> 2392017.6 | G22: =F22-F21 -> 50339.253 | H22: 6 | I22: 0.56 | J22: =H22*(1+I22) -> 9.36 | K22: 0.47 | L22: =G22*J22*K22 -> 221452.44 | N22: =D22*10% -> 265779.73 | O22: =N22-N21 -> 5593.2504 | P22: 9 | Q22: 0.2 | R22: =P22*(1+Q22) -> 10.8 | S22: 0.47 | T22: =O22*R22*S22 -> 28391.339
A23: CL, GL, WL, SL, OL | B23: FL | C23: 2017 | D23: ='State_Forest Land A1.9'!D22 -> 2656375.7 | F23: =D23*90% -> 2390738.1 | G23: =F23-F22 -> -1279.4268 | H23: 6 | I23: 0.56 | J23: =H23*(1+I23) -> 9.36 | K23: 0.47 | L23: =G23*J23*K23 -> -5628.4545 | N23: =D23*10% -> 265637.57 | O23: =N23-N22 -> -142.15854 | P23: 9 | Q23: 0.2 | R23: =P23*(1+Q23) -> 10.8 | S23: 0.47 | T23: =O23*R23*S23 -> -721.59673
A24: CL, GL, WL, SL, OL | B24: FL | C24: 2018 | D24: ='State_Forest Land A1.9'!D23 -> 2626262.7 | F24: =D24*90% -> 2363636.4 | G24: =F24-F23 -> -27101.742 | H24: 6 | I24: 0.56 | J24: =H24*(1+I24) -> 9.36 | K24: 0.47 | L24: =G24*J24*K24 -> -119225.98 | N24: =D24*10% -> 262626.27 | O24: =N24-N23 -> -3011.3046 | P24: 9 | Q24: 0.2 | R24: =P24*(1+Q24) -> 10.8 | S24: 0.47 | T24: =O24*R24*S24 -> -15285.382
A25: CL, GL, WL, SL, OL | B25: FL | C25: 2019 | D25: ='State_Forest Land A1.9'!D24 -> 2582651.3 | F25: =D25*90% -> 2324386.1 | G25: =F25-F24 -> -39250.242 | H25: 6 | I25: 0.56 | J25: =H25*(1+I25) -> 9.36 | K25: 0.47 | L25: =G25*J25*K25 -> -172669.66 | N25: =D25*10% -> 258265.13 | O25: =N25-N24 -> -4361.138 | P25: 9 | Q25: 0.2 | R25: =P25*(1+Q25) -> 10.8 | S25: 0.47 | T25: =O25*R25*S25 -> -22137.136
A26: CL, GL, WL, SL, OL | B26: FL | C26: 2020 | D26: ='State_Forest Land A1.9'!D25 -> 2501820.9 | F26: =D26*90% -> 2251638.8 | G26: =F26-F25 -> -72747.363 | H26: 6 | I26: 0.56 | J26: =H26*(1+I26) -> 9.36 | K26: 0.47 | L26: =G26*J26*K26 -> -320030.2 | N26: =D26*10% -> 250182.09 | O26: =N26-N25 -> -8083.0403 | P26: 9 | Q26: 0.2 | R26: =P26*(1+Q26) -> 10.8 | S26: 0.47 | T26: =O26*R26*S26 -> -41029.513
A27: CL, GL, WL, SL, OL | B27: FL | C27: 2021 | D27: ='State_Forest Land A1.9'!D26 -> 2486427.2 | F27: =D27*90% -> 2237784.5 | G27: =F27-F26 -> -13854.322 | H27: 6 | I27: 0.56 | J27: =H27*(1+I27) -> 9.36 | K27: 0.47 | L27: =G27*J27*K27 -> -60947.933 | N27: =D27*10% -> 248642.72 | O27: =N27-N26 -> -1539.3691 | P27: 9 | Q27: 0.2 | R27: =P27*(1+Q27) -> 10.8 | S27: 0.47 | T27: =O27*R27*S27 -> -7813.8375
A28: CL, GL, WL, SL, OL | B28: FL | C28: 2022 | D28: ='State_Forest Land A1.9'!D27 -> 2474301.9 | F28: =D28*90% -> 2226871.7 | G28: =F28-F27 -> -10912.791 | H28: 6 | I28: 0.56 | J28: =H28*(1+I28) -> 9.36 | K28: 0.47 | L28: =G28*J28*K28 -> -48007.551 | N28: =D28*10% -> 247430.19 | O28: =N28-N27 -> -1212.5323 | P28: 9 | Q28: 0.2 | R28: =P28*(1+Q28) -> 10.8 | S28: 0.47 | T28: =O28*R28*S28 -> -6154.8142
A29: CL, GL, WL, SL, OL | B29: FL | C29: 2023 | D29: ='State_Forest Land A1.9'!D28 -> 0 | F29: =D29*90% -> 0 | H29: 6 | I29: 0.56 | J29: =H29*(1+I29) -> 9.36 | K29: 0.47 | L29: =G29*J29*K29 -> 0 | N29: =D29*10% -> 0 | P29: 9 | Q29: 0.2 | R29: =P29*(1+Q29) -> 10.8 | S29: 0.47 | T29: =O29*R29*S29 -> 0

Sheet State_Forest Land A1.18
A3: Sector | C3: Agriculture, Forestry and Other Land Use
A4: Category | C4: Land Converted to Forest Land: Annual change in carbon stocks in dead organic matter due to land conversion
A5: Category code | C5: 3B1b
A6: Sheet | C6: 1 of 1
A7: Equation | C7: Equation 2.2 | D7: Equation 2.23
A8: Land-use category | C8: Subcategories for reporting year | D8: Area of Forest Land | E8: Climate Type | F8: Area of Forest Land | G8: Area of Land Converted To Forest Land | H8: Dead wood/litter stock, under the new land-use category | I8: Dead wood/litter stock, under the old land-use category | J8: Time period of the transition from old to new land-use category | K8: Annual change in carbon stocks in dead wood/litter | L8: Climate Type | M8: Area of Forest Land | N8: Area of Land Converted To Forest Land | O8: Dead wood/litter stock, under the new land-use category | P8: Dead wood/litter stock, under the old land-use category | Q8: Time period of the transition from old to new land-use category | R8: Annual change in carbon stocks in dead wood/litter
A9: Initial land use1 | B9: Land use during reporting year | D9: (ha) | H9: (tonnes C ha-1) | I9: (tonnes C ha-1) | J9: (yr) | K9: (tonnes C yr-1) | O9: (tonnes C ha-1) | P9: (tonnes C ha-1) | Q9: (yr) | R9: (tonnes C yr-1)
D10: National statistics or international data sources | F10: Tropical Dry 90% of Total Forest Land | H10: Table 2.2 for litter, or national statistics | I10: default value is zero (0) | J10: default value is 20 | K10: ΔCDOM = A * (Cn - Co) / T | M10: Tropical Moist 10% of Total Forest Land | O10: Table 2.2 for litter, or national statistics | P10: default value is zero (0) | Q10: default value is 20 | R10: ΔCDOM = A * (Cn - Co) / T
D11: A | F11: A | G11: A | H11: Cn | I11: Co | J11: T | K11: ∆CDOM | M11: A | N11: A | O11: Cn | P11: Co | Q11: T | R11: ∆CDOM
A12: CL, GL, WL, SL, OL | B12: FL | C12: 2005 | E12: Tropical Dry | F12: =D12*90% -> 0 | H12: 2.1 | I12: 0 | J12: 20 | K12: =G12*((H12-I12)/J12) -> 0 | L12: Tropical Moist | M12: =D12*10% -> 0 | O12: 2.1 | P12: 0 | Q12: 20 | R12: =N12*((O12-P12)/Q12) -> 0
A13: CL, GL, WL, SL, OL | B13: FL | C13: 2006 | F13: =D13*90% -> 0 | G13: =F13-F12 -> 0 | H13: 2.1 | I13: 0 | J13: 20 | K13: =G13*((H13-I13)/J13) -> 0 | M13: =D13*10% -> 0 | N13: =M13-M12 -> 0 | O13: 2.1 | P13: 0 | Q13: 20 | R13: =N13*((O13-P13)/Q13) -> 0
A14: CL, GL, WL, SL, OL | B14: FL | C14: 2007 | F14: =D14*90% -> 0 | G14: =F14-F13 -> 0 | H14: 2.1 | I14: 0 | J14: 20 | K14: =G14*((H14-I14)/J14) -> 0 | M14: =D14*10% -> 0 | N14: =M14-M13 -> 0 | O14: 2.1 | P14: 0 | Q14: 20 | R14: =N14*((O14-P14)/Q14) -> 0
A15: CL, GL, WL, SL, OL | B15: FL | C15: 2008 | F15: =D15*90% -> 0 | G15: =F15-F14 -> 0 | H15: 2.1 | I15: 0 | J15: 20 | K15: =G15*((H15-I15)/J15) -> 0 | M15: =D15*10% -> 0 | N15: =M15-M14 -> 0 | O15: 2.1 | P15: 0 | Q15: 20 | R15: =N15*((O15-P15)/Q15) -> 0
A16: CL, GL, WL, SL, OL | B16: FL | C16: 2009 | F16: =D16*90% -> 0 | G16: =F16-F15 -> 0 | H16: 2.1 | I16: 0 | J16: 20 | K16: =G16*((H16-I16)/J16) -> 0 | M16: =D16*10% -> 0 | N16: =M16-M15 -> 0 | O16: 2.1 | P16: 0 | Q16: 20 | R16: =N16*((O16-P16)/Q16) -> 0
A17: CL, GL, WL, SL, OL | B17: FL | C17: 2010 | F17: =D17*90% -> 0 | G17: =F17-F16 -> 0 | H17: 2.1 | I17: 0 | J17: 20 | K17: =G17*((H17-I17)/J17) -> 0 | M17: =D17*10% -> 0 | N17: =M17-M16 -> 0 | O17: 2.1 | P17: 0 | Q17: 20 | R17: =N17*((O17-P17)/Q17) -> 0
A18: CL, GL, WL, SL, OL | B18: FL | C18: 2011 | F18: =D18*90% -> 0 | G18: =F18-F17 -> 0 | H18: 2.1 | I18: 0 | J18: 20 | K18: =G18*((H18-I18)/J18) -> 0 | M18: =D18*10% -> 0 | N18: =M18-M17 -> 0 | O18: 2.1 | P18: 0 | Q18: 20 | R18: =N18*((O18-P18)/Q18) -> 0
A19: CL, GL, WL, SL, OL | B19: FL | C19: 2012 | F19: =D19*90% -> 0 | G19: =F19-F18 -> 0 | H19: 2.1 | I19: 0 | J19: 20 | K19: =G19*((H19-I19)/J19) -> 0 | M19: =D19*10% -> 0 | N19: =M19-M18 -> 0 | O19: 2.1 | P19: 0 | Q19: 20 | R19: =N19*((O19-P19)/Q19) -> 0
A20: CL, GL, WL, SL, OL | B20: FL | C20: 2013 | F20: =D20*90% -> 0 | G20: =F20-F19 -> 0 | H20: 2.1 | I20: 0 | J20: 20 | K20: =G20*((H20-I20)/J20) -> 0 | M20: =D20*10% -> 0 | N20: =M20-M19 -> 0 | O20: 2.1 | P20: 0 | Q20: 20 | R20: =N20*((O20-P20)/Q20) -> 0
A21: CL, GL, WL, SL, OL | B21: FL | C21: 2014 | F21: =D21*90% -> 0 | G21: =F21-F20 -> 0 | H21: 2.1 | I21: 0 | J21: 20 | K21: =G21*((H21-I21)/J21) -> 0 | M21: =D21*10% -> 0 | N21: =M21-M20 -> 0 | O21: 2.1 | P21: 0 | Q21: 20 | R21: =N21*((O21-P21)/Q21) -> 0
A22: CL, GL, WL, SL, OL | B22: FL | C22: 2015 | D22: ='State_Forest Land A1.9'!D20 -> 2601864.8 | F22: =D22*90% -> 2341678.3 | G22: =F22-F21 -> 2341678.3 | H22: 2.1 | I22: 0 | J22: 20 | K22: =G22*((H22-I22)/J22) -> 245876.22 | M22: =D22*10% -> 260186.48 | N22: =M22-M21 -> 260186.48 | O22: 2.1 | P22: 0 | Q22: 20 | R22: =N22*((O22-P22)/Q22) -> 27319.58
A23: CL, GL, WL, SL, OL | B23: FL | C23: 2016 | D23: ='State_Forest Land A1.9'!D21 -> 2657797.3 | F23: =D23*90% -> 2392017.6 | G23: =F23-F22 -> 50339.253 | H23: 2.1 | I23: 0 | J23: 20 | K23: =G23*((H23-I23)/J23) -> 5285.6216 | M23: =D23*10% -> 265779.73 | N23: =M23-M22 -> 5593.2504 | O23: 2.1 | P23: 0 | Q23: 20 | R23: =N23*((O23-P23)/Q23) -> 587.29129
A24: CL, GL, WL, SL, OL | B24: FL | C24: 2017 | D24: ='State_Forest Land A1.9'!D22 -> 2656375.7 | F24: =D24*90% -> 2390738.1 | G24: =F24-F23 -> -1279.4268 | H24: 2.1 | I24: 0 | J24: 20 | K24: =G24*((H24-I24)/J24) -> -134.33982 | M24: =D24*10% -> 265637.57 | N24: =M24-M23 -> -142.15854 | O24: 2.1 | P24: 0 | Q24: 20 | R24: =N24*((O24-P24)/Q24) -> -14.926646
A25: CL, GL, WL, SL, OL | B25: FL | C25: 2018 | D25: ='State_Forest Land A1.9'!D23 -> 2626262.7 | F25: =D25*90% -> 2363636.4 | G25: =F25-F24 -> -27101.742 | H25: 2.1 | I25: 0 | J25: 20 | K25: =G25*((H25-I25)/J25) -> -2845.6829 | M25: =D25*10% -> 262626.27 | N25: =M25-M24 -> -3011.3046 | O25: 2.1 | P25: 0 | Q25: 20 | R25: =N25*((O25-P25)/Q25) -> -316.18699
A26: CL, GL, WL, SL, OL | B26: FL | C26: 2019 | D26: ='State_Forest Land A1.9'!D24 -> 2582651.3 | F26: =D26*90% -> 2324386.1 | G26: =F26-F25 -> -39250.242 | H26: 2.1 | I26: 0 | J26: 20 | K26: =G26*((H26-I26)/J26) -> -4121.2754 | M26: =D26*10% -> 258265.13 | N26: =M26-M25 -> -4361.138 | O26: 2.1 | P26: 0 | Q26: 20 | R26: =N26*((O26-P26)/Q26) -> -457.91949
A27: CL, GL, WL, SL, OL | B27: FL | C27: 2020 | D27: ='State_Forest Land A1.9'!D25 -> 2501820.9 | F27: =D27*90% -> 2251638.8 | G27: =F27-F26 -> -72747.363 | H27: 2.1 | I27: 0 | J27: 20 | K27: =G27*((H27-I27)/J27) -> -7638.4731 | M27: =D27*10% -> 250182.09 | N27: =M27-M26 -> -8083.0403 | O27: 2.1 | P27: 0 | Q27: 20 | R27: =N27*((O27-P27)/Q27) -> -848.71923
A28: CL, GL, WL, SL, OL | B28: FL | C28: 2021 | D28: ='State_Forest Land A1.9'!D26 -> 2486427.2 | F28: =D28*90% -> 2237784.5 | G28: =F28-F27 -> -13854.322 | H28: 2.1 | I28: 0 | J28: 20 | K28: =G28*((H28-I28)/J28) -> -1454.7038 | M28: =D28*10% -> 248642.72 | N28: =M28-M27 -> -1539.3691 | O28: 2.1 | P28: 0 | Q28: 20 | R28: =N28*((O28-P28)/Q28) -> -161.63376
A29: CL, GL, WL, SL, OL | B29: FL | C29: 2022 | D29: ='State_Forest Land A1.9'!D27 -> 2474301.9 | F29: =D29*90% -> 2226871.7 | G29: =F29-F28 -> -10912.791 | H29: 2.1 | I29: 0 | J29: 20 | K29: =G29*((H29-I29)/J29) -> -1145.8431 | M29: =D29*10% -> 247430.19 | N29: =M29-M28 -> -1212.5323 | O29: 2.1 | P29: 0 | Q29: 20 | R29: =N29*((O29-P29)/Q29) -> -127.3159
A30: CL, GL, WL, SL, OL | B30: FL | C30: 2023 | F30: =D30*90% -> 0 | M30: =D30*10% -> 0

Sheet State_Forest Land A1.19
A2: Sector | C2: Agriculture, Forestry and Other Land Use
A3: Category | C3: Land Converted to Forest Land: Annual change in carbon stocks in mineral soils
A4: Category code | C4: 3B1b
A5: Sheet | C5: 1 of 2
A6: Equation | C6: Equation 2.2 | D6: Equation 2.25, Formulation B in Box 2.1 of Section 2.3.3.1 | Q6: Equation 2.25, Formulation B in Box 2.1 of Section 2.3.3.1
A7: Land-use category | C7: Subcategories for reporting year | D7: Area of Forest Land | E7: Climate Type | F7: Area of Forest Land | G7: Area of Land Converted To Forest Land | H7: Reference carbon stock for the climate/soil combination | I7: Reference carbon stock at the beginning of an inventory period | J7: Time dependence of stock change factors (D) or number of years over a single inventory time period (T) | K7: Stock change factor for land-use system in the last year of an inventory time period | L7: Stock change factor for management regime in last year of an inventory period | M7: Stock change factor for C input in the last year of the inventory period | N7: Stock change factor for land-use system at the beginning of the inventory time period | O7: Stock change factor for management regime at the beginning of the inventory time period | P7: Stock change factor for C input at the beginning of the inventory time period | Q7: Carbon stock in last year of an inventory period | R7: Carbon stock at the beginning of an inventory period | S7: Annual change in carbon stocks in mineral soils | T7: Climate Type | U7: Area of Forest Land | V7: Area of Land Converted To Forest Land | W7: Reference carbon stock for the climate/soil combination | X7: Reference carbon stock at the beginning of an inventory period | Y7: Time dependence of stock change factors (D) or number of years over a single inventory time period (T) | Z7: Stock change factor for land-use system in the last year of an inventory time period | AA7: Stock change factor for management regime in last year of an inventory period | AB7: Stock change factor for C input in the last year of the inventory period | AC7: Stock change factor for land-use system at the beginning of the inventory time period | AD7: Stock change factor for management regime at the beginning of the inventory time period | AE7: Stock change factor for C input at the beginning of the inventory time period | AF7: Carbon stock in last year of an inventory period | AG7: Carbon stock at the beginning of an inventory period | AH7: Annual change in carbon stocks in mineral soils
A8: Initial land use1 | B8: Land use during reporting year | D8: (ha) | H8: (tonnes C ha-1) | I8: (tonnes C ha-1) | J8: (yr) | K8: (-) | L8: (-) | M8: (-) | N8: (-) | O8: (-) | P8: (-) | Q8: tonnes C | R8: tonnes C | S8: (tonnes C yr-1) | W8: (tonnes C ha-1) | X8: (tonnes C ha-1) | Y8: (yr) | Z8: (-) | AA8: (-) | AB8: (-) | AC8: (-) | AD8: (-) | AE8: (-) | AF8: tonnes C | AG8: tonnes C | AH8: (tonnes C yr-1)
D9: National statistics or international data sources | F9: Tropical Dry 90% of Total Forest Land | H9: Table 2.3; Chap 2, Sec. 2.3.3.1 | I9: Table 2.3 | J9: (default is 20 yr; if T>D then use the value of T) | K9: Table 5.5 | L9: Table 5.5 | M9: Table 5.5 | N9: Table 5.10 | O9: Table 5.10 | P9: Table 5.10 | Q9: SOC=SOCref*FLU*FMG*FI*A | R9: SOC=SOCref*FLU*FMG*FI*A | S9: ∆CMineral as in Equation 2.25= (SOCo-SOCo-t)/D | U9: Tropical Dry 90% of Total Forest Land | W9: Table 2.3; Chap 2, Sec. 2.3.3.1 | X9: Table 2.3 | Y9: (default is 20 yr; if T>D then use the value of T) | Z9: Table 5.5 | AA9: Table 5.5 | AB9: Table 5.5 | AC9: Table 5.10 | AD9: Table 5.10 | AE9: Table 5.10 | AF9: SOC=SOCref*FLU*FMG*FI*A | AG9: SOC=SOCref*FLU*FMG*FI*A | AH9: ∆CMineral as in Equation 2.25= (SOCo-SOCo-t)/D
D10: A | F10: A | G10: A | H10: SOCref(0) | I10: SOCref(T-0) | J10: D | K10: FLU(0) | L10: FMG(0) | M10: FI(0) | N10: FLU(0-T) | O10: FMG(0-T) | P10: FI(0-T) | Q10: SOCo | R10: SOCo-t | S10: ∆CMineral | U10: A | V10: A | W10: SOCref(0) | X10: SOCref(T-0) | Y10: D | Z10: FLU(0) | AA10: FMG(0) | AB10: FI(0) | AC10: FLU(0-T) | AD10: FMG(0-T) | AE10: FI(0-T) | AF10: SOCo | AG10: SOCo-t | AH10: ∆CMineral
A11: CL, GL, WL, SL, OL | B11: FL | C11: 2005 | E11: Tropical Dry | F11: =D11*90% -> 0 | H11: 34.67 | I11: 34.666667 | J11: 20 | K11: 0.58 | L11: 1.09 | M11: 0.95 | N11: 0.72 | O11: 0.98 | P11: 0.98 | Q11: =K11*L11*M11*G11*H11 -> 0 | R11: =I11*N11*O11*P11*G11 -> 0 | S11: =(Q11-R11)/J11 -> 0 | T11: Tropical Moist | U11: =D11*10% -> 0 | W11: 52 | X11: 52 | Y11: 20 | Z11: 0.58 | AA11: 1.09 | AB11: 0.95 | AC11: 0.72 | AD11: 0.98 | AE11: 0.98 | AF11: =Z11*AA11*AB11*W11*V11 -> 0 | AG11: =X11*AC11*AD11*AE11*V11 -> 0 | AH11: =(AF11-AG11)/Y11 -> 0
A12: CL, GL, WL, SL, OL | B12: FL | C12: 2006 | F12: =D12*90% -> 0 | G12: =F12-F11 -> 0 | H12: 34.67 | I12: 34.666667 | J12: 20 | K12: 0.58 | L12: 1.09 | M12: 0.95 | N12: 0.72 | O12: 0.98 | P12: 0.98 | Q12: =K12*L12*M12*G12*H12 -> 0 | R12: =I12*N12*O12*P12*G12 -> 0 | S12: =(Q12-R12)/J12 -> 0 | U12: =D12*10% -> 0 | V12: =U12-U11 -> 0 | W12: 52 | X12: 52 | Y12: 20 | Z12: 0.58 | AA12: 1.09 | AB12: 0.95 | AC12: 0.72 | AD12: 0.98 | AE12: 0.98 | AF12: =Z12*AA12*AB12*W12*V12 -> 0 | AG12: =X12*AC12*AD12*AE12*V12 -> 0 | AH12: =(AF12-AG12)/Y12 -> 0
A13: CL, GL, WL, SL, OL | B13: FL | C13: 2007 | F13: =D13*90% -> 0 | G13: =F13-F12 -> 0 | H13: 34.67 | I13: 34.666667 | J13: 20 | K13: 0.58 | L13: 1.09 | M13: 0.95 | N13: 0.72 | O13: 0.98 | P13: 0.98 | Q13: =K13*L13*M13*G13*H13 -> 0 | R13: =I13*N13*O13*P13*G13 -> 0 | S13: =(Q13-R13)/J13 -> 0 | U13: =D13*10% -> 0 | V13: =U13-U12 -> 0 | W13: 52 | X13: 52 | Y13: 20 | Z13: 0.58 | AA13: 1.09 | AB13: 0.95 | AC13: 0.72 | AD13: 0.98 | AE13: 0.98 | AF13: =Z13*AA13*AB13*W13*V13 -> 0 | AG13: =X13*AC13*AD13*AE13*V13 -> 0 | AH13: =(AF13-AG13)/Y13 -> 0
A14: CL, GL, WL, SL, OL | B14: FL | C14: 2008 | F14: =D14*90% -> 0 | G14: =F14-F13 -> 0 | H14: 34.67 | I14: 34.666667 | J14: 20 | K14: 0.58 | L14: 1.09 | M14: 0.95 | N14: 0.72 | O14: 0.98 | P14: 0.98 | Q14: =K14*L14*M14*G14*H14 -> 0 | R14: =I14*N14*O14*P14*G14 -> 0 | S14: =(Q14-R14)/J14 -> 0 | U14: =D14*10% -> 0 | V14: =U14-U13 -> 0 | W14: 52 | X14: 52 | Y14: 20 | Z14: 0.58 | AA14: 1.09 | AB14: 0.95 | AC14: 0.72 | AD14: 0.98 | AE14: 0.98 | AF14: =Z14*AA14*AB14*W14*V14 -> 0 | AG14: =X14*AC14*AD14*AE14*V14 -> 0 | AH14: =(AF14-AG14)/Y14 -> 0
A15: CL, GL, WL, SL, OL | B15: FL | C15: 2009 | F15: =D15*90% -> 0 | G15: =F15-F14 -> 0 | H15: 34.67 | I15: 34.666667 | J15: 20 | K15: 0.58 | L15: 1.09 | M15: 0.95 | N15: 0.72 | O15: 0.98 | P15: 0.98 | Q15: =K15*L15*M15*G15*H15 -> 0 | R15: =I15*N15*O15*P15*G15 -> 0 | S15: =(Q15-R15)/J15 -> 0 | U15: =D15*10% -> 0 | V15: =U15-U14 -> 0 | W15: 52 | X15: 52 | Y15: 20 | Z15: 0.58 | AA15: 1.09 | AB15: 0.95 | AC15: 0.72 | AD15: 0.98 | AE15: 0.98 | AF15: =Z15*AA15*AB15*W15*V15 -> 0 | AG15: =X15*AC15*AD15*AE15*V15 -> 0 | AH15: =(AF15-AG15)/Y15 -> 0
A16: CL, GL, WL, SL, OL | B16: FL | C16: 2010 | F16: =D16*90% -> 0 | G16: =F16-F15 -> 0 | H16: 34.67 | I16: 34.666667 | J16: 20 | K16: 0.58 | L16: 1.09 | M16: 0.95 | N16: 0.72 | O16: 0.98 | P16: 0.98 | Q16: =K16*L16*M16*G16*H16 -> 0 | R16: =I16*N16*O16*P16*G16 -> 0 | S16: =(Q16-R16)/J16 -> 0 | U16: =D16*10% -> 0 | V16: =U16-U15 -> 0 | W16: 52 | X16: 52 | Y16: 20 | Z16: 0.58 | AA16: 1.09 | AB16: 0.95 | AC16: 0.72 | AD16: 0.98 | AE16: 0.98 | AF16: =Z16*AA16*AB16*W16*V16 -> 0 | AG16: =X16*AC16*AD16*AE16*V16 -> 0 | AH16: =(AF16-AG16)/Y16 -> 0
A17: CL, GL, WL, SL, OL | B17: FL | C17: 2011 | F17: =D17*90% -> 0 | G17: =F17-F16 -> 0 | H17: 34.67 | I17: 34.666667 | J17: 20 | K17: 0.58 | L17: 1.09 | M17: 0.95 | N17: 0.72 | O17: 0.98 | P17: 0.98 | Q17: =K17*L17*M17*G17*H17 -> 0 | R17: =I17*N17*O17*P17*G17 -> 0 | S17: =(Q17-R17)/J17 -> 0 | U17: =D17*10% -> 0 | V17: =U17-U16 -> 0 | W17: 52 | X17: 52 | Y17: 20 | Z17: 0.58 | AA17: 1.09 | AB17: 0.95 | AC17: 0.72 | AD17: 0.98 | AE17: 0.98 | AF17: =Z17*AA17*AB17*W17*V17 -> 0 | AG17: =X17*AC17*AD17*AE17*V17 -> 0 | AH17: =(AF17-AG17)/Y17 -> 0
A18: CL, GL, WL, SL, OL | B18: FL | C18: 2012 | F18: =D18*90% -> 0 | G18: =F18-F17 -> 0 | H18: 34.67 | I18: 34.666667 | J18: 20 | K18: 0.58 | L18: 1.09 | M18: 0.95 | N18: 0.72 | O18: 0.98 | P18: 0.98 | Q18: =K18*L18*M18*G18*H18 -> 0 | R18: =I18*N18*O18*P18*G18 -> 0 | S18: =(Q18-R18)/J18 -> 0 | U18: =D18*10% -> 0 | V18: =U18-U17 -> 0 | W18: 52 | X18: 52 | Y18: 20 | Z18: 0.58 | AA18: 1.09 | AB18: 0.95 | AC18: 0.72 | AD18: 0.98 | AE18: 0.98 | AF18: =Z18*AA18*AB18*W18*V18 -> 0 | AG18: =X18*AC18*AD18*AE18*V18 -> 0 | AH18: =(AF18-AG18)/Y18 -> 0
A19: CL, GL, WL, SL, OL | B19: FL | C19: 2013 | F19: =D19*90% -> 0 | G19: =F19-F18 -> 0 | H19: 34.67 | I19: 34.666667 | J19: 20 | K19: 0.58 | L19: 1.09 | M19: 0.95 | N19: 0.72 | O19: 0.98 | P19: 0.98 | Q19: =K19*L19*M19*G19*H19 -> 0 | R19: =I19*N19*O19*P19*G19 -> 0 | S19: =(Q19-R19)/J19 -> 0 | U19: =D19*10% -> 0 | V19: =U19-U18 -> 0 | W19: 52 | X19: 52 | Y19: 20 | Z19: 0.58 | AA19: 1.09 | AB19: 0.95 | AC19: 0.72 | AD19: 0.98 | AE19: 0.98 | AF19: =Z19*AA19*AB19*W19*V19 -> 0 | AG19: =X19*AC19*AD19*AE19*V19 -> 0 | AH19: =(AF19-AG19)/Y19 -> 0
A20: CL, GL, WL, SL, OL | B20: FL | C20: 2014 | F20: =D20*90% -> 0 | G20: =F20-F19 -> 0 | H20: 34.67 | I20: 34.666667 | J20: 20 | K20: 0.58 | L20: 1.09 | M20: 0.95 | N20: 0.72 | O20: 0.98 | P20: 0.98 | Q20: =K20*L20*M20*G20*H20 -> 0 | R20: =I20*N20*O20*P20*G20 -> 0 | S20: =(Q20-R20)/J20 -> 0 | U20: =D20*10% -> 0 | V20: =U20-U19 -> 0 | W20: 52 | X20: 52 | Y20: 20 | Z20: 0.58 | AA20: 1.09 | AB20: 0.95 | AC20: 0.72 | AD20: 0.98 | AE20: 0.98 | AF20: =Z20*AA20*AB20*W20*V20 -> 0 | AG20: =X20*AC20*AD20*AE20*V20 -> 0 | AH20: =(AF20-AG20)/Y20 -> 0
A21: CL, GL, WL, SL, OL | B21: FL | C21: 2015 | D21: ='State_Forest Land A1.9'!D20 -> 2601864.8 | F21: =D21*90% -> 2341678.3 | G21: =F21-F20 -> 2341678.3 | H21: 34.67 | I21: 34.666667 | J21: 20 | K21: 0.58 | L21: 1.09 | M21: 0.95 | N21: 0.72 | O21: 0.98 | P21: 0.98 | Q21: =K21*L21*M21*G21*H21 -> 48759492 | R21: =I21*N21*O21*P21*G21 -> 56133738 | S21: =(Q21-R21)/J21 -> -368712.32 | U21: =D21*10% -> 260186.48 | V21: =U21-U20 -> 260186.48 | W21: 52 | X21: 52 | Y21: 20 | Z21: 0.58 | AA21: 1.09 | AB21: 0.95 | AC21: 0.72 | AD21: 0.98 | AE21: 0.98 | AF21: =Z21*AA21*AB21*W21*V21 -> 8125800.6 | AG21: =X21*AC21*AD21*AE21*V21 -> 9355623 | AH21: =(AF21-AG21)/Y21 -> -61491.119
A22: CL, GL, WL, SL, OL | B22: FL | C22: 2016 | D22: ='State_Forest Land A1.9'!D21 -> 2657797.3 | F22: =D22*90% -> 2392017.6 | G22: =F22-F21 -> 50339.253 | H22: 34.67 | I22: 34.666667 | J22: 20 | K22: 0.58 | L22: 1.09 | M22: 0.95 | N22: 0.72 | O22: 0.98 | P22: 0.98 | Q22: =K22*L22*M22*G22*H22 -> 1048186.8 | R22: =I22*N22*O22*P22*G22 -> 1206711.6 | S22: =(Q22-R22)/J22 -> -7926.2394 | U22: =D22*10% -> 265779.73 | V22: =U22-U21 -> 5593.2504 | W22: 52 | X22: 52 | Y22: 20 | Z22: 0.58 | AA22: 1.09 | AB22: 0.95 | AC22: 0.72 | AD22: 0.98 | AE22: 0.98 | AF22: =Z22*AA22*AB22*W22*V22 -> 174681.01 | AG22: =X22*AC22*AD22*AE22*V22 -> 201118.61 | AH22: =(AF22-AG22)/Y22 -> -1321.8797
A23: CL, GL, WL, SL, OL | B23: FL | C23: 2017 | D23: ='State_Forest Land A1.9'!D22 -> 2656375.7 | F23: =D23*90% -> 2390738.1 | G23: =F23-F22 -> -1279.4268 | H23: 34.67 | I23: 34.666667 | J23: 20 | K23: 0.58 | L23: 1.09 | M23: 0.95 | N23: 0.72 | O23: 0.98 | P23: 0.98 | Q23: =K23*L23*M23*G23*H23 -> -26640.808 | R23: =I23*N23*O23*P23*G23 -> -30669.888 | S23: =(Q23-R23)/J23 -> 201.45399 | U23: =D23*10% -> 265637.57 | V23: =U23-U22 -> -142.15854 | W23: 52 | X23: 52 | Y23: 20 | Z23: 0.58 | AA23: 1.09 | AB23: 0.95 | AC23: 0.72 | AD23: 0.98 | AE23: 0.98 | AF23: =Z23*AA23*AB23*W23*V23 -> -4439.7077 | AG23: =X23*AC23*AD23*AE23*V23 -> -5111.6479 | AH23: =(AF23-AG23)/Y23 -> 33.597009
A24: CL, GL, WL, SL, OL | B24: FL | C24: 2018 | D24: ='State_Forest Land A1.9'!D23 -> 2626262.7 | F24: =D24*90% -> 2363636.4 | G24: =F24-F23 -> -27101.742 | H24: 34.67 | I24: 34.666667 | J24: 20 | K24: 0.58 | L24: 1.09 | M24: 0.95 | N24: 0.72 | O24: 0.98 | P24: 0.98 | Q24: =K24*L24*M24*G24*H24 -> -564324.8 | R24: =I24*N24*O24*P24*G24 -> -649671.68 | S24: =(Q24-R24)/J24 -> 4267.3436 | U24: =D24*10% -> 262626.27 | V24: =U24-U23 -> -3011.3046 | W24: 52 | X24: 52 | Y24: 20 | Z24: 0.58 | AA24: 1.09 | AB24: 0.95 | AC24: 0.72 | AD24: 0.98 | AE24: 0.98 | AF24: =Z24*AA24*AB24*W24*V24 -> -94045.091 | AG24: =X24*AC24*AD24*AE24*V24 -> -108278.61 | AH24: =(AF24-AG24)/Y24 -> 711.67608
A25: CL, GL, WL, SL, OL | B25: FL | C25: 2019 | D25: ='State_Forest Land A1.9'!D24 -> 2582651.3 | F25: =D25*90% -> 2324386.1 | G25: =F25-F24 -> -39250.242 | H25: 34.67 | I25: 34.666667 | J25: 20 | K25: 0.58 | L25: 1.09 | M25: 0.95 | N25: 0.72 | O25: 0.98 | P25: 0.98 | Q25: =K25*L25*M25*G25*H25 -> -817286.4 | R25: =I25*N25*O25*P25*G25 -> -940890.46 | S25: =(Q25-R25)/J25 -> 6180.2031 | U25: =D25*10% -> 258265.13 | V25: =U25-U24 -> -4361.138 | W25: 52 | X25: 52 | Y25: 20 | Z25: 0.58 | AA25: 1.09 | AB25: 0.95 | AC25: 0.72 | AD25: 0.98 | AE25: 0.98 | AF25: =Z25*AA25*AB25*W25*V25 -> -136201.3 | AG25: =X25*AC25*AD25*AE25*V25 -> -156815.08 | AH25: =(AF25-AG25)/Y25 -> 1030.6887
A26: CL, GL, WL, SL, OL | B26: FL | C26: 2020 | D26: ='State_Forest Land A1.9'!D25 -> 2501820.9 | F26: =D26*90% -> 2251638.8 | G26: =F26-F25 -> -72747.363 | H26: 34.67 | I26: 34.666667 | J26: 20 | K26: 0.58 | L26: 1.09 | M26: 0.95 | N26: 0.72 | O26: 0.98 | P26: 0.98 | Q26: =K26*L26*M26*G26*H26 -> -1514778.7 | R26: =I26*N26*O26*P26*G26 -> -1743869.5 | S26: =(Q26-R26)/J26 -> 11454.54 | U26: =D26*10% -> 250182.09 | V26: =U26-U25 -> -8083.0403 | W26: 52 | X26: 52 | Y26: 20 | Z26: 0.58 | AA26: 1.09 | AB26: 0.95 | AC26: 0.72 | AD26: 0.98 | AE26: 0.98 | AF26: =Z26*AA26*AB26*W26*V26 -> -252438.84 | AG26: =X26*AC26*AD26*AE26*V26 -> -290644.92 | AH26: =(AF26-AG26)/Y26 -> 1910.3037
A27: CL, GL, WL, SL, OL | B27: FL | C27: 2021 | D27: ='State_Forest Land A1.9'!D26 -> 2486427.2 | F27: =D27*90% -> 2237784.5 | G27: =F27-F26 -> -13854.322 | H27: 34.67 | I27: 34.666667 | J27: 20 | K27: 0.58 | L27: 1.09 | M27: 0.95 | N27: 0.72 | O27: 0.98 | P27: 0.98 | Q27: =K27*L27*M27*G27*H27 -> -288481 | R27: =I27*N27*O27*P27*G27 -> -332110.04 | S27: =(Q27-R27)/J27 -> 2181.4521 | U27: =D27*10% -> 248642.72 | V27: =U27-U26 -> -1539.3691 | W27: 52 | X27: 52 | Y27: 20 | Z27: 0.58 | AA27: 1.09 | AB27: 0.95 | AC27: 0.72 | AD27: 0.98 | AE27: 0.98 | AF27: =Z27*AA27*AB27*W27*V27 -> -48075.544 | AG27: =X27*AC27*AD27*AE27*V27 -> -55351.673 | AH27: =(AF27-AG27)/Y27 -> 363.80649
A28: CL, GL, WL, SL, OL | B28: FL | C28: 2022 | D28: ='State_Forest Land A1.9'!D27 -> 2474301.9 | F28: =D28*90% -> 2226871.7 | G28: =F28-F27 -> -10912.791 | H28: 34.67 | I28: 34.666667 | J28: 20 | K28: 0.58 | L28: 1.09 | M28: 0.95 | N28: 0.72 | O28: 0.98 | P28: 0.98 | Q28: =K28*L28*M28*G28*H28 -> -227231.11 | R28: =I28*N28*O28*P28*G28 -> -261596.89 | S28: =(Q28-R28)/J28 -> 1718.2892 | U28: =D28*10% -> 247430.19 | V28: =U28-U27 -> -1212.5323 | W28: 52 | X28: 52 | Y28: 20 | Z28: 0.58 | AA28: 1.09 | AB28: 0.95 | AC28: 0.72 | AD28: 0.98 | AE28: 0.98 | AF28: =Z28*AA28*AB28*W28*V28 -> -37868.21 | AG28: =X28*AC28*AD28*AE28*V28 -> -43599.482 | AH28: =(AF28-AG28)/Y28 -> 286.56359
A29: CL, GL, WL, SL, OL | B29: FL | C29: 2023 | D29: ='State_Forest Land A1.9'!D28 -> 0 | F29: =D29*90% -> 0 | H29: 34.67 | I29: 34.666667 | J29: 20 | K29: 0.58 | L29: 1.09 | M29: 0.95 | N29: 0.72 | O29: 0.98 | P29: 0.98 | Q29: =K29*L29*M29*G29*H29 -> 0 | R29: =I29*N29*O29*P29*G29 -> 0 | S29: =(Q29-R29)/J29 -> 0 | U29: =D29*10% -> 0 | W29: 52 | X29: 52 | Y29: 20 | Z29: 0.58 | AA29: 1.09 | AB29: 0.95 | AC29: 0.72 | AD29: 0.98 | AE29: 0.98 | AF29: =Z29*AA29*AB29*W29*V29 -> 0 | AG29: =X29*AC29*AD29*AE29*V29 -> 0 | AH29: =(AF29-AG29)/Y29 -> 0

Sheet Dist_Wise Forest Land A1.9
A1: Sector | C1: Agriculture, Forestry and Other Land Use
A2: Category | C2: Forest Land Remaining Forest Land: Annual increase in carbon stocks in biomass (includes above-ground and below-ground biomass)
A3: Category code | C3: 3B1a
A4: Sheet | C4: 1 of 4
A5: Equation | D5: Equation 2.2 | E5: Equation 2.9 | H5: Equation 2.10 | K5: Equation 2.9 | O5: Equation 2.10 | R5: Equation 2.9
A6: Land-use category | C6: District | D6: Reporting year | E6: Area of Forest Land Remaining Forest Land | F6: Climate Type | G6: Area of Forest Land Remaining Forest Land | H6: Average annual above-ground biomass growth | I6: Ratio of belowground biomass to above-ground biomass | J6: Average annual biomass growth above- and below-ground | K6: Carbon fraction of dry matter | L6: Annual increase in biomass carbon stocks due to biomass growth | M6: Climate Type | N6: Area of Forest Land Remaining Forest Land | O6: Average annual above-ground biomass growth | P6: Ratio of belowground biomass to above-ground biomass | Q6: Average annual biomass growth above- and below-ground | R6: Carbon fraction of dry matter | S6: Annual increase in biomass carbon stocks due to biomass growth
A7: Initial land use | B7: Land use during reporting year | E7: (ha) | H7: (tonnes dm ha-1 yr-1) | I7: [tonnes bg dm (tonne ag dm)-1] | J7: (tonnes dm ha-1 yr-1) | K7: [tonnes C (tonne dm)-1] | L7: (tonnes C yr-1) | O7: (tonnes dm ha-1 yr-1) | P7: [tonnes bg dm (tonne ag dm)-1] | Q7: (tonnes dm ha-1 yr-1) | R7: [tonnes C (tonne dm)-1] | S7: (tonnes C yr-1)
E8: National statistics or international data sources | G8: Tropical Dry 90% of Total Forest Land | H8: Tables 4.9, 4.10 and 4.12 | I8: zero (0) or Table 4.4 | J8: GTOTAL = GW * (1+R) | K8: 0.5 or Table 4.3 | L8: ΔCG = A * GTOTAL * CF | N8: Tropical Moist 10% of Total Forest Land | O8: Tables 4.9, 4.10 and 4.12 | P8: zero (0) or Table 4.4 | Q8: GTOTAL = GW * (1+R) | R8: 0.5 or Table 4.3 | S8: ΔCG = A * GTOTAL * CF
E9: A | G9: A | H9: GW | I9: R | J9: GTOTAL | K9: CF | L9: ΔCG | N9: A | O9: GW | P9: R | Q9: GTOTAL | R9: CF | S9: ΔCG
A10: FL | B10: FL | C10: Ahmadabad Total | D10: 2015 | E10: 7696.4856 | F10: Tropical Dry | G10: =E10*90% -> 6926.837 | H10: 6 | I10: 0.56 | J10: =H10*(1+I10) -> 9.36 | K10: 0.47 | L10: =G10*J10*K10 -> 30472.542 | M10: Tropical Moist | N10: =E10*10% -> 769.64856 | O10: 9 | P10: 0.2 | Q10: =O10*(1+P10) -> 10.8 | R10: 0.47 | S10: =N10*Q10*R10 -> 3906.7361
A11: FL | B11: FL | C11: Amreli Total | D11: 2015 | E11: 59024.916 | F11: Tropical Dry | G11: =E11*90% -> 53122.424 | H11: 6 | I11: 0.56 | J11: =H11*(1+I11) -> 9.36 | K11: 0.47 | L11: =G11*J11*K11 -> 233696.17 | M11: Tropical Moist | N11: =E11*10% -> 5902.4916 | O11: 9 | P11: 0.2 | Q11: =O11*(1+P11) -> 10.8 | R11: 0.47 | S11: =N11*Q11*R11 -> 29961.047
A12: FL | B12: FL | C12: Anand Total | D12: 2015 | E12: 10547.31 | F12: Tropical Dry | G12: =E12*90% -> 9492.579 | H12: 6 | I12: 0.56 | J12: =H12*(1+I12) -> 9.36 | K12: 0.47 | L12: =G12*J12*K12 -> 41759.753 | M12: Tropical Moist | N12: =E12*10% -> 1054.731 | O12: 9 | P12: 0.2 | Q12: =O12*(1+P12) -> 10.8 | R12: 0.47 | S12: =N12*Q12*R12 -> 5353.8145
A13: FL | B13: FL | C13: Arvalli Total | D13: 2015 | E13: 159940.63 | F13: Tropical Dry | G13: =E13*90% -> 143946.57 | H13: 6 | I13: 0.56 | J13: =H13*(1+I13) -> 9.36 | K13: 0.47 | L13: =G13*J13*K13 -> 633249.73 | M13: Tropical Moist | N13: =E13*10% -> 15994.063 | O13: 9 | P13: 0.2 | Q13: =O13*(1+P13) -> 10.8 | R13: 0.47 | S13: =N13*Q13*R13 -> 81185.863
A14: FL | B14: FL | C14: Banas_Kantha Total | D14: 2015 | E14: 98551.93 | F14: Tropical Dry | G14: =E14*90% -> 88696.737 | H14: 6 | I14: 0.56 | J14: =H14*(1+I14) -> 9.36 | K14: 0.47 | L14: =G14*J14*K14 -> 390194.69 | M14: Tropical Moist | N14: =E14*10% -> 9855.193 | O14: 9 | P14: 0.2 | Q14: =O14*(1+P14) -> 10.8 | R14: 0.47 | S14: =N14*Q14*R14 -> 50024.96
A15: FL | B15: FL | C15: Bharuch Total | D15: 2015 | E15: 20779.118 | F15: Tropical Dry | G15: =E15*90% -> 18701.207 | H15: 6 | I15: 0.56 | J15: =H15*(1+I15) -> 9.36 | K15: 0.47 | L15: =G15*J15*K15 -> 82270.348 | M15: Tropical Moist | N15: =E15*10% -> 2077.9118 | O15: 9 | P15: 0.2 | Q15: =O15*(1+P15) -> 10.8 | R15: 0.47 | S15: =N15*Q15*R15 -> 10547.48
A16: FL | B16: FL | C16: Bhavnagar Total | D16: 2015 | E16: 30892.888 | F16: Tropical Dry | G16: =E16*90% -> 27803.599 | H16: 6 | I16: 0.56 | J16: =H16*(1+I16) -> 9.36 | K16: 0.47 | L16: =G16*J16*K16 -> 122313.59 | M16: Tropical Moist | N16: =E16*10% -> 3089.2888 | O16: 9 | P16: 0.2 | Q16: =O16*(1+P16) -> 10.8 | R16: 0.47 | S16: =N16*Q16*R16 -> 15681.23
A17: FL | B17: FL | C17: Botad Total | D17: 2015 | E17: 3702.4791 | F17: Tropical Dry | G17: =E17*90% -> 3332.2312 | H17: 6 | I17: 0.56 | J17: =H17*(1+I17) -> 9.36 | K17: 0.47 | L17: =G17*J17*K17 -> 14659.151 | M17: Tropical Moist | N17: =E17*10% -> 370.24791 | O17: 9 | P17: 0.2 | Q17: =O17*(1+P17) -> 10.8 | R17: 0.47 | S17: =N17*Q17*R17 -> 1879.3784
A18: FL | B18: FL | C18: Chhotaudepur Total | D18: 2015 | E18: 176061.47 | F18: Tropical Dry | G18: =E18*90% -> 158455.33 | H18: 6 | I18: 0.56 | J18: =H18*(1+I18) -> 9.36 | K18: 0.47 | L18: =G18*J18*K18 -> 697076.67 | M18: Tropical Moist | N18: =E18*10% -> 17606.147 | O18: 9 | P18: 0.2 | Q18: =O18*(1+P18) -> 10.8 | R18: 0.47 | S18: =N18*Q18*R18 -> 89368.804
A19: FL | B19: FL | C19: Dahod Total | D19: 2015 | E19: 153720.13 | F19: Tropical Dry | G19: =E19*90% -> 138348.11 | H19: 6 | I19: 0.56 | J19: =H19*(1+I19) -> 9.36 | K19: 0.47 | L19: =G19*J19*K19 -> 608621.02 | M19: Tropical Moist | N19: =E19*10% -> 15372.013 | O19: 9 | P19: 0.2 | Q19: =O19*(1+P19) -> 10.8 | R19: 0.47 | S19: =N19*Q19*R19 -> 78028.336
A20: FL | B20: FL | C20: Dangs Total | D20: 2015 | E20: 169067.12 | F20: Tropical Dry | G20: =E20*90% -> 152160.41 | H20: 6 | I20: 0.56 | J20: =H20*(1+I20) -> 9.36 | K20: 0.47 | L20: =G20*J20*K20 -> 669384.07 | M20: Tropical Moist | N20: =E20*10% -> 16906.712 | O20: 9 | P20: 0.2 | Q20: =O20*(1+P20) -> 10.8 | R20: 0.47 | S20: =N20*Q20*R20 -> 85818.471
A21: FL | B21: FL | C21: Devbhumi Dwarka Total | D21: 2015 | E21: 4672.2916 | F21: Tropical Dry | G21: =E21*90% -> 4205.0625 | H21: 6 | I21: 0.56 | J21: =H21*(1+I21) -> 9.36 | K21: 0.47 | L21: =G21*J21*K21 -> 18498.911 | M21: Tropical Moist | N21: =E21*10% -> 467.22916 | O21: 9 | P21: 0.2 | Q21: =O21*(1+P21) -> 10.8 | R21: 0.47 | S21: =N21*Q21*R21 -> 2371.6552
... A273: FL | B273: FL | C273: Valsad Total | D273: 2022 | E273: 169471.68 | F273: Tropical Dry | G273: =E273*90% -> 152524.52 | H273: 6 | I273: 0.56 | J273: =H273*(1+I273) -> 9.36 | K273: 0.47 | L273: =G273*J273*K273 -> 670985.85 | M273: Tropical Moist | N273: =E273*10% -> 16947.168 | O273: 9 | P273: 0.2 | Q273: =O273*(1+P273) -> 10.8 | R273: 0.47 | S273: =N273*Q273*R273 -> 86023.827

Sheet Dist_Wise Forest Land A1.14
A2: Sector | C2: Agriculture, Forestry and Other Land Use
A3: Category | C3: Land Converted to Forest Land: Annual increase in carbon stocks in biomass (includes above- and below-ground biomass)
A4: Category code | C4: 3B1b
A5: Sheet | C5: 1 of 4
A6: Equation | D6: Equation 2.2 | E6: Equation 2.9 | I6: Equation 2.10 | L6: Equation 2.9 | Q6: Equation 2.10 | T6: Equation 2.9
A7: Land-use category | C7: District | D7: Reporting year | E7: Area of Forest Land | F7: Climate Type | G7: Area of Forest Land | H7: Area of Land Converted To Forest Land | I7: Average annual aboveground biomass growth | J7: Ratio of belowground biomass to above-ground biomass | K7: Average annual biomass growth above and belowground | L7: Carbon fraction of dry matter | M7: Annual increase in biomass carbon stocks due to biomass growth | N7: Climate Type | O7: Area of Forest Land Remaining Forest Land | P7: Area of Land Converted To Forest Land | Q7: Average annual aboveground biomass growth | R7: Ratio of belowground biomass to above-ground biomass | S7: Average annual biomass growth above and belowground | T7: Carbon fraction of dry matter | U7: Annual increase in biomass carbon stocks due to biomass growth
A8: Initial land use1 | B8: Land use during reporting year | E8: (ha) | I8: (tonnes dm ha-1 yr-1) | J8: [tonnes bg dm (tonne ag dm)-1] | K8: (tonnes dm ha-1 yr-1) | L8: [tonnes C (tonne dm)-1] | M8: (tonnes C yr-1) | Q8: (tonnes dm ha-1 yr-1) | R8: [tonnes bg dm (tonne ag dm)-1] | S8: (tonnes dm ha-1 yr-1) | T8: [tonnes C (tonne dm)-1] | U8: (tonnes C yr-1)
E9: National statistics or international data sources | G9: Tropical Dry 90% of Total Forest Land | I9: Tables 4.9, 4.10 and 4.12 | J9: zero (0) or Table 4.4 | K9: GTOTAL = GW * (1+R) | L9: 0.5 or Table 4.3 | M9: ΔCG = A * GTOTAL * CF | O9: Tropical Moist 10% of Total Forest Land | Q9: Tables 4.9, 4.10 and 4.12 | R9: zero (0) or Table 4.4 | S9: GTOTAL = GW * (1+R) | T9: 0.5 or Table 4.3 | U9: ΔCG = A * GTOTAL * CF
E10: A | G10: A | H10: A | I10: GW | J10: R | K10: GTOTAL | L10: CF | M10: ΔCG | O10: A | P10: A | Q10: GW | R10: R | S10: GTOTAL | T10: CF | U10: ΔCG
A11: CL, GL, WL, SL, OL | B11: FL | C11: Ahmadabad Total | D11: 2015 | E11: ='Dist_Wise Forest Land A1.9'!E10 -> 7696.4856 | F11: Tropical Dry | G11: =E11*90% -> 6926.837 | I11: 6 | J11: 0.56 | K11: =I11*(1+J11) -> 9.36 | L11: 0.47 | M11: =H11*K11*L11 -> 0 | N11: Tropical Moist | O11: =E11*10% -> 769.64856 | Q11: 9 | R11: 0.2 | S11: =Q11*(1+R11) -> 10.8 | T11: 0.47 | U11: =P11*S11*T11 -> 0
A12: CL, GL, WL, SL, OL | B12: FL | C12: Amreli Total | D12: 2015 | E12: ='Dist_Wise Forest Land A1.9'!E11 -> 59024.916 | F12: Tropical Dry | G12: =E12*90% -> 53122.424 | H12: =G12-G11 -> 46195.587 | I12: 6 | J12: 0.56 | K12: =I12*(1+J12) -> 9.36 | L12: 0.47 | M12: =H12*K12*L12 -> 203223.63 | N12: Tropical Moist | O12: =E12*10% -> 5902.4916 | P12: =O12-O11 -> 5132.843 | Q12: 9 | R12: 0.2 | S12: =Q12*(1+R12) -> 10.8 | T12: 0.47 | U12: =P12*S12*T12 -> 26054.311
A13: CL, GL, WL, SL, OL | B13: FL | C13: Anand Total | D13: 2015 | E13: ='Dist_Wise Forest Land A1.9'!E12 -> 10547.31 | F13: Tropical Dry | G13: =E13*90% -> 9492.579 | H13: =G13-G12 -> -43629.845 | I13: 6 | J13: 0.56 | K13: =I13*(1+J13) -> 9.36 | L13: 0.47 | M13: =H13*K13*L13 -> -191936.42 | N13: Tropical Moist | O13: =E13*10% -> 1054.731 | P13: =O13-O12 -> -4847.7606 | Q13: 9 | R13: 0.2 | S13: =Q13*(1+R13) -> 10.8 | T13: 0.47 | U13: =P13*S13*T13 -> -24607.233
A14: CL, GL, WL, SL, OL | B14: FL | C14: Arvalli Total | D14: 2015 | E14: ='Dist_Wise Forest Land A1.9'!E13 -> 159940.63 | F14: Tropical Dry | G14: =E14*90% -> 143946.57 | H14: =G14-G13 -> 134453.99 | I14: 6 | J14: 0.56 | K14: =I14*(1+J14) -> 9.36 | L14: 0.47 | M14: =H14*K14*L14 -> 591489.98 | N14: Tropical Moist | O14: =E14*10% -> 15994.063 | P14: =O14-O13 -> 14939.332 | Q14: 9 | R14: 0.2 | S14: =Q14*(1+R14) -> 10.8 | T14: 0.47 | U14: =P14*S14*T14 -> 75832.049
A15: CL, GL, WL, SL, OL | B15: FL | C15: Banas_Kantha Total | D15: 2015 | E15: ='Dist_Wise Forest Land A1.9'!E14 -> 98551.93 | F15: Tropical Dry | G15: =E15*90% -> 88696.737 | H15: =G15-G14 -> -55249.829 | I15: 6 | J15: 0.56 | K15: =I15*(1+J15) -> 9.36 | L15: 0.47 | M15: =H15*K15*L15 -> -243055.05 | N15: Tropical Moist | O15: =E15*10% -> 9855.193 | P15: =O15-O14 -> -6138.8699 | Q15: 9 | R15: 0.2 | S15: =Q15*(1+R15) -> 10.8 | T15: 0.47 | U15: =P15*S15*T15 -> -31160.904
A16: CL, GL, WL, SL, OL | B16: FL | C16: Bharuch Total | D16: 2015 | E16: ='Dist_Wise Forest Land A1.9'!E15 -> 20779.118 | F16: Tropical Dry | G16: =E16*90% -> 18701.207 | H16: =G16-G15 -> -69995.531 | I16: 6 | J16: 0.56 | K16: =I16*(1+J16) -> 9.36 | L16: 0.47 | M16: =H16*K16*L16 -> -307924.34 | N16: Tropical Moist | O16: =E16*10% -> 2077.9118 | P16: =O16-O15 -> -7777.2812 | Q16: 9 | R16: 0.2 | S16: =Q16*(1+R16) -> 10.8 | T16: 0.47 | U16: =P16*S16*T16 -> -39477.479
A17: CL, GL, WL, SL, OL | B17: FL | C17: Bhavnagar Total | D17: 2015 | E17: ='Dist_Wise Forest Land A1.9'!E16 -> 30892.888 | F17: Tropical Dry | G17: =E17*90% -> 27803.599 | H17: =G17-G16 -> 9102.3929 | I17: 6 | J17: 0.56 | K17: =I17*(1+J17) -> 9.36 | L17: 0.47 | M17: =H17*K17*L17 -> 40043.247 | N17: Tropical Moist | O17: =E17*10% -> 3089.2888 | P17: =O17-O16 -> 1011.377 | Q17: 9 | R17: 0.2 | S17: =Q17*(1+R17) -> 10.8 | T17: 0.47 | U17: =P17*S17*T17 -> 5133.7496
A18: CL, GL, WL, SL, OL | B18: FL | C18: Botad Total | D18: 2015 | E18: ='Dist_Wise Forest Land A1.9'!E17 -> 3702.4791 | F18: Tropical Dry | G18: =E18*90% -> 3332.2312 | H18: =G18-G17 -> -24471.368 | I18: 6 | J18: 0.56 | K18: =I18*(1+J18) -> 9.36 | L18: 0.47 | M18: =H18*K18*L18 -> -107654.44 | N18: Tropical Moist | O18: =E18*10% -> 370.24791 | P18: =O18-O17 -> -2719.0409 | Q18: 9 | R18: 0.2 | S18: =Q18*(1+R18) -> 10.8 | T18: 0.47 | U18: =P18*S18*T18 -> -13801.852
A19: CL, GL, WL, SL, OL | B19: FL | C19: Chhotaudepur Total | D19: 2015 | E19: ='Dist_Wise Forest Land A1.9'!E18 -> 176061.47 | F19: Tropical Dry | G19: =E19*90% -> 158455.33 | H19: =G19-G18 -> 155123.09 | I19: 6 | J19: 0.56 | K19: =I19*(1+J19) -> 9.36 | L19: 0.47 | M19: =H19*K19*L19 -> 682417.52 | N19: Tropical Moist | O19: =E19*10% -> 17606.147 | P19: =O19-O18 -> 17235.899 | Q19: 9 | R19: 0.2 | S19: =Q19*(1+R19) -> 10.8 | T19: 0.47 | U19: =P19*S19*T19 -> 87489.426
A20: CL, GL, WL, SL, OL | B20: FL | C20: Dahod Total | D20: 2015 | E20: ='Dist_Wise Forest Land A1.9'!E19 -> 153720.13 | F20: Tropical Dry | G20: =E20*90% -> 138348.11 | H20: =G20-G19 -> -20107.213 | I20: 6 | J20: 0.56 | K20: =I20*(1+J20) -> 9.36 | L20: 0.47 | M20: =H20*K20*L20 -> -88455.651 | N20: Tropical Moist | O20: =E20*10% -> 15372.013 | P20: =O20-O19 -> -2234.1348 | Q20: 9 | R20: 0.2 | S20: =Q20*(1+R20) -> 10.8 | T20: 0.47 | U20: =P20*S20*T20 -> -11340.468
A21: CL, GL, WL, SL, OL | B21: FL | C21: Dangs Total | D21: 2015 | E21: ='Dist_Wise Forest Land A1.9'!E20 -> 169067.12 | F21: Tropical Dry | G21: =E21*90% -> 152160.41 | H21: =G21-G20 -> 13812.296 | I21: 6 | J21: 0.56 | K21: =I21*(1+J21) -> 9.36 | L21: 0.47 | M21: =H21*K21*L21 -> 60763.053 | N21: Tropical Moist | O21: =E21*10% -> 16906.712 | P21: =O21-O20 -> 1534.6996 | Q21: 9 | R21: 0.2 | S21: =Q21*(1+R21) -> 10.8 | T21: 0.47 | U21: =P21*S21*T21 -> 7790.135
A22: CL, GL, WL, SL, OL | B22: FL | C22: Devbhumi Dwarka Total | D22: 2015 | E22: ='Dist_Wise Forest Land A1.9'!E21 -> 4672.2916 | F22: Tropical Dry | G22: =E22*90% -> 4205.0625 | H22: =G22-G21 -> -147955.35 | I22: 6 | J22: 0.56 | K22: =I22*(1+J22) -> 9.36 | L22: 0.47 | M22: =H22*K22*L22 -> -650885.16 | N22: Tropical Moist | O22: =E22*10% -> 467.22916 | P22: =O22-O21 -> -16439.483 | Q22: 9 | R22: 0.2 | S22: =Q22*(1+R22) -> 10.8 | T22: 0.47 | U22: =P22*S22*T22 -> -83446.816
A23: CL, GL, WL, SL, OL | B23: FL | C23: Gandhinagar Total | D23: 2015 | E23: ='Dist_Wise Forest Land A1.9'!E22 -> 46346.532 | F23: Tropical Dry | G23: =E23*90% -> 41711.879 | H23: =G23-G22 -> 37506.816 | I23: 6 | J23: 0.56 | K23: =I23*(1+J23) -> 9.36 | L23: 0.47 | M23: =H23*K23*L23 -> 164999.99 | N23: Tropical Moist | O23: =E23*10% -> 4634.6532 | P23: =O23-O22 -> 4167.424 | Q23: 9 | R23: 0.2 | S23: =Q23*(1+R23) -> 10.8 | T23: 0.47 | U23: =P23*S23*T23 -> 21153.844
... A274: CL, GL, WL, SL, OL | B274: FL | C274: Valsad Total | D274: 2022 | E274: ='Dist_Wise Forest Land A1.9'!E273 -> 169471.68 | F274: Tropical Dry | G274: =E274*90% -> 152524.52 | H274: =G274-G273 -> 107455.01 | I274: 6 | J274: 0.56 | K274: =I274*(1+J274) -> 9.36 | L274: 0.47 | M274: =H274*K274*L274 -> 472716.08 | N274: Tropical Moist | O274: =E274*10% -> 16947.168 | P274: =O274-O273 -> 11939.445 | Q274: 9 | R274: 0.2 | S274: =Q274*(1+R274) -> 10.8 | T274: 0.47 | U274: =P274*S274*T274 -> 60604.625

Sheet Dist_Wise Forest Land A1.18
A3: Sector | C3: Agriculture, Forestry and Other Land Use
A4: Category | C4: Land Converted to Forest Land: Annual change in carbon stocks in dead organic matter due to land conversion
A5: Category code | C5: 3B1b
A6: Sheet | C6: 1 of 1
A7: Equation | D7: Equation 2.2 | E7: Equation 2.23
A8: Land-use category | C8: District | D8: Subcategories for reporting year | E8: Area of Forest Land | F8: Climate Type | G8: Area of Forest Land | H8: Area of Land Converted To Forest Land | I8: Dead wood/litter stock, under the new land-use category | J8: Dead wood/litter stock, under the old land-use category | K8: Time period of the transition from old to new land-use category | L8: Annual change in carbon stocks in dead wood/litter | M8: Climate Type | N8: Area of Forest Land | O8: Area of Land Converted To Forest Land | P8: Dead wood/litter stock, under the new land-use category | Q8: Dead wood/litter stock, under the old land-use category | R8: Time period of the transition from old to new land-use category | S8: Annual change in carbon stocks in dead wood/litter
A9: Initial land use1 | B9: Land use during reporting year | E9: (ha) | I9: (tonnes C ha-1) | J9: (tonnes C ha-1) | K9: (yr) | L9: (tonnes C yr-1) | P9: (tonnes C ha-1) | Q9: (tonnes C ha-1) | R9: (yr) | S9: (tonnes C yr-1)
E10: National statistics or international data sources | G10: Tropical Dry 90% of Total Forest Land | I10: Table 2.2 for litter, or national statistics | J10: default value is zero (0) | K10: default value is 20 | L10: ΔCDOM = A * (Cn - Co) / T | N10: Tropical Moist 10% of Total Forest Land | P10: Table 2.2 for litter, or national statistics | Q10: default value is zero (0) | R10: default value is 20 | S10: ΔCDOM = A * (Cn - Co) / T
E11: A | G11: A | H11: A | I11: Cn | J11: Co | K11: T | L11: ∆CDOM | N11: A | O11: A | P11: Cn | Q11: Co | R11: T | S11: ∆CDOM
A12: CL, GL, WL, SL, OL | B12: FL | C12: Ahmadabad Total | D12: 2015 | E12: ='Dist_Wise Forest Land A1.9'!E10 -> 7696.4856 | F12: Tropical Dry | G12: =E12*90% -> 6926.837 | I12: 2.1 | J12: 0 | K12: 20 | L12: =H12*((I12-J12)/K12) -> 0 | M12: Tropical Moist | N12: =E12*10% -> 769.64856 | P12: 2.1 | Q12: 0 | R12: 20 | S12: =O12*((P12-Q12)/R12) -> 0
A13: CL, GL, WL, SL, OL | B13: FL | C13: Amreli Total | D13: 2015 | E13: ='Dist_Wise Forest Land A1.9'!E11 -> 59024.916 | F13: Tropical Dry | G13: =E13*90% -> 53122.424 | H13: =G13-G12 -> 46195.587 | I13: 2.1 | J13: 0 | K13: 20 | L13: =H13*((I13-J13)/K13) -> 4850.5367 | M13: Tropical Moist | N13: =E13*10% -> 5902.4916 | O13: =N13-N12 -> 5132.843 | P13: 2.1 | Q13: 0 | R13: 20 | S13: =O13*((P13-Q13)/R13) -> 538.94852
A14: CL, GL, WL, SL, OL | B14: FL | C14: Anand Total | D14: 2015 | E14: ='Dist_Wise Forest Land A1.9'!E12 -> 10547.31 | F14: Tropical Dry | G14: =E14*90% -> 9492.579 | H14: =G14-G13 -> -43629.845 | I14: 2.1 | J14: 0 | K14: 20 | L14: =H14*((I14-J14)/K14) -> -4581.1338 | M14: Tropical Moist | N14: =E14*10% -> 1054.731 | O14: =N14-N13 -> -4847.7606 | P14: 2.1 | Q14: 0 | R14: 20 | S14: =O14*((P14-Q14)/R14) -> -509.01486
A15: CL, GL, WL, SL, OL | B15: FL | C15: Arvalli Total | D15: 2015 | E15: ='Dist_Wise Forest Land A1.9'!E13 -> 159940.63 | F15: Tropical Dry | G15: =E15*90% -> 143946.57 | H15: =G15-G14 -> 134453.99 | I15: 2.1 | J15: 0 | K15: 20 | L15: =H15*((I15-J15)/K15) -> 14117.669 | M15: Tropical Moist | N15: =E15*10% -> 15994.063 | O15: =N15-N14 -> 14939.332 | P15: 2.1 | Q15: 0 | R15: 20 | S15: =O15*((P15-Q15)/R15) -> 1568.6299
A16: CL, GL, WL, SL, OL | B16: FL | C16: Banas_Kantha Total | D16: 2015 | E16: ='Dist_Wise Forest Land A1.9'!E14 -> 98551.93 | F16: Tropical Dry | G16: =E16*90% -> 88696.737 | H16: =G16-G15 -> -55249.829 | I16: 2.1 | J16: 0 | K16: 20 | L16: =H16*((I16-J16)/K16) -> -5801.2321 | M16: Tropical Moist | N16: =E16*10% -> 9855.193 | O16: =N16-N15 -> -6138.8699 | P16: 2.1 | Q16: 0 | R16: 20 | S16: =O16*((P16-Q16)/R16) -> -644.58134
A17: CL, GL, WL, SL, OL | B17: FL | C17: Bharuch Total | D17: 2015 | E17: ='Dist_Wise Forest Land A1.9'!E15 -> 20779.118 | F17: Tropical Dry | G17: =E17*90% -> 18701.207 | H17: =G17-G16 -> -69995.531 | I17: 2.1 | J17: 0 | K17: 20 | L17: =H17*((I17-J17)/K17) -> -7349.5307 | M17: Tropical Moist | N17: =E17*10% -> 2077.9118 | O17: =N17-N16 -> -7777.2812 | P17: 2.1 | Q17: 0 | R17: 20 | S17: =O17*((P17-Q17)/R17) -> -816.61452
A18: CL, GL, WL, SL, OL | B18: FL | C18: Bhavnagar Total | D18: 2015 | E18: ='Dist_Wise Forest Land A1.9'!E16 -> 30892.888 | F18: Tropical Dry | G18: =E18*90% -> 27803.599 | H18: =G18-G17 -> 9102.3929 | I18: 2.1 | J18: 0 | K18: 20 | L18: =H18*((I18-J18)/K18) -> 955.75126 | M18: Tropical Moist | N18: =E18*10% -> 3089.2888 | O18: =N18-N17 -> 1011.377 | P18: 2.1 | Q18: 0 | R18: 20 | S18: =O18*((P18-Q18)/R18) -> 106.19458
A19: CL, GL, WL, SL, OL | B19: FL | C19: Botad Total | D19: 2015 | E19: ='Dist_Wise Forest Land A1.9'!E17 -> 3702.4791 | F19: Tropical Dry | G19: =E19*90% -> 3332.2312 | H19: =G19-G18 -> -24471.368 | I19: 2.1 | J19: 0 | K19: 20 | L19: =H19*((I19-J19)/K19) -> -2569.4937 | M19: Tropical Moist | N19: =E19*10% -> 370.24791 | O19: =N19-N18 -> -2719.0409 | P19: 2.1 | Q19: 0 | R19: 20 | S19: =O19*((P19-Q19)/R19) -> -285.4993
A20: CL, GL, WL, SL, OL | B20: FL | C20: Chhotaudepur Total | D20: 2015 | E20: ='Dist_Wise Forest Land A1.9'!E18 -> 176061.47 | F20: Tropical Dry | G20: =E20*90% -> 158455.33 | H20: =G20-G19 -> 155123.09 | I20: 2.1 | J20: 0 | K20: 20 | L20: =H20*((I20-J20)/K20) -> 16287.925 | M20: Tropical Moist | N20: =E20*10% -> 17606.147 | O20: =N20-N19 -> 17235.899 | P20: 2.1 | Q20: 0 | R20: 20 | S20: =O20*((P20-Q20)/R20) -> 1809.7694
A21: CL, GL, WL, SL, OL | B21: FL | C21: Dahod Total | D21: 2015 | E21: ='Dist_Wise Forest Land A1.9'!E19 -> 153720.13 | F21: Tropical Dry | G21: =E21*90% -> 138348.11 | H21: =G21-G20 -> -20107.213 | I21: 2.1 | J21: 0 | K21: 20 | L21: =H21*((I21-J21)/K21) -> -2111.2574 | M21: Tropical Moist | N21: =E21*10% -> 15372.013 | O21: =N21-N20 -> -2234.1348 | P21: 2.1 | Q21: 0 | R21: 20 | S21: =O21*((P21-Q21)/R21) -> -234.58415
A22: CL, GL, WL, SL, OL | B22: FL | C22: Dangs Total | D22: 2015 | E22: ='Dist_Wise Forest Land A1.9'!E20 -> 169067.12 | F22: Tropical Dry | G22: =E22*90% -> 152160.41 | H22: =G22-G21 -> 13812.296 | I22: 2.1 | J22: 0 | K22: 20 | L22: =H22*((I22-J22)/K22) -> 1450.2911 | M22: Tropical Moist | N22: =E22*10% -> 16906.712 | O22: =N22-N21 -> 1534.6996 | P22: 2.1 | Q22: 0 | R22: 20 | S22: =O22*((P22-Q22)/R22) -> 161.14345
A23: CL, GL, WL, SL, OL | B23: FL | C23: Devbhumi Dwarka Total | D23: 2015 | E23: ='Dist_Wise Forest Land A1.9'!E21 -> 4672.2916 | F23: Tropical Dry | G23: =E23*90% -> 4205.0625 | H23: =G23-G22 -> -147955.35 | I23: 2.1 | J23: 0 | K23: 20 | L23: =H23*((I23-J23)/K23) -> -15535.311 | M23: Tropical Moist | N23: =E23*10% -> 467.22916 | O23: =N23-N22 -> -16439.483 | P23: 2.1 | Q23: 0 | R23: 20 | S23: =O23*((P23-Q23)/R23) -> -1726.1457
A24: CL, GL, WL, SL, OL | B24: FL | C24: Gandhinagar Total | D24: 2015 | E24: ='Dist_Wise Forest Land A1.9'!E22 -> 46346.532 | F24: Tropical Dry | G24: =E24*90% -> 41711.879 | H24: =G24-G23 -> 37506.816 | I24: 2.1 | J24: 0 | K24: 20 | L24: =H24*((I24-J24)/K24) -> 3938.2157 | M24: Tropical Moist | N24: =E24*10% -> 4634.6532 | O24: =N24-N23 -> 4167.424 | P24: 2.1 | Q24: 0 | R24: 20 | S24: =O24*((P24-Q24)/R24) -> 437.57952
... A275: CL, GL, WL, SL, OL | B275: FL | C275: Valsad Total | D275: 2022 | E275: ='Dist_Wise Forest Land A1.9'!E273 -> 169471.68 | F275: Tropical Dry | G275: =E275*90% -> 152524.52 | H275: =G275-G274 -> 107455.01 | I275: 2.1 | J275: 0 | K275: 20 | L275: =H275*((I275-J275)/K275) -> 11282.776 | M275: Tropical Moist | N275: =E275*10% -> 16947.168 | O275: =N275-N274 -> 11939.445 | P275: 2.1 | Q275: 0 | R275: 20 | S275: =O275*((P275-Q275)/R275) -> 1253.6418

Sheet Dist_Wise Forest Land A1.19
A2: Sector | C2: Agriculture, Forestry and Other Land Use
A3: Category | C3: Land Converted to Forest Land: Annual change in carbon stocks in mineral soils
A4: Category code | C4: 3B1b
A5: Sheet | C5: 1 of 2
A6: Equation | D6: Equation 2.2 | E6: Equation 2.25, Formulation B in Box 2.1 of Section 2.3.3.1 | R6: Equation 2.25, Formulation B in Box 2.1 of Section 2.3.3.1
A7: Land-use category | C7: District | D7: Subcategories for reporting year | E7: Area of Forest Land | F7: Climate Type | G7: Area of Forest Land | H7: Area of Land Converted To Forest Land | I7: Reference carbon stock for the climate/soil combination | J7: Reference carbon stock at the beginning of an inventory period | K7: Time dependence of stock change factors (D) or number of years over a single inventory time period (T) | L7: Stock change factor for land-use system in the last year of an inventory time period | M7: Stock change factor for management regime in last year of an inventory period | N7: Stock change factor for C input in the last year of the inventory period | O7: Stock change factor for land-use system at the beginning of the inventory time period | P7: Stock change factor for management regime at the beginning of the inventory time period | Q7: Stock change factor for C input at the beginning of the inventory time period | R7: Carbon stock in last year of an inventory period | S7: Carbon stock at the beginning of an inventory period | T7: Annual change in carbon stocks in mineral soils | U7: Climate Type | V7: Area of Forest Land | W7: Area of Land Converted To Forest Land | X7: Reference carbon stock for the climate/soil combination | Y7: Reference carbon stock at the beginning of an inventory period | Z7: Time dependence of stock change factors (D) or number of years over a single inventory time period (T) | AA7: Stock change factor for land-use system in the last year of an inventory time period | AB7: Stock change factor for management regime in last year of an inventory period | AC7: Stock change factor for C input in the last year of the inventory period | AD7: Stock change factor for land-use system at the beginning of the inventory time period | AE7: Stock change factor for management regime at the beginning of the inventory time period | AF7: Stock change factor for C input at the beginning of the inventory time period | AG7: Carbon stock in last year of an inventory period | AH7: Carbon stock at the beginning of an inventory period | AI7: Annual change in carbon stocks in mineral soils
A8: Initial land use1 | B8: Land use during reporting year | E8: (ha) | I8: (tonnes C ha-1) | J8: (tonnes C ha-1) | K8: (yr) | L8: (-) | M8: (-) | N8: (-) | O8: (-) | P8: (-) | Q8: (-) | R8: tonnes C | S8: tonnes C | T8: (tonnes C yr-1) | X8: (tonnes C ha-1) | Y8: (tonnes C ha-1) | Z8: (yr) | AA8: (-) | AB8: (-) | AC8: (-) | AD8: (-) | AE8: (-) | AF8: (-) | AG8: tonnes C | AH8: tonnes C | AI8: (tonnes C yr-1)
E9: National statistics or international data sources | G9: Tropical Dry 90% of Total Forest Land | I9: Table 2.3; Chap 2, Sec. 2.3.3.1 | J9: Table 2.3 | K9: (default is 20 yr; if T>D then use the value of T) | L9: Table 5.5 | M9: Table 5.5 | N9: Table 5.5 | O9: Table 5.10 | P9: Table 5.10 | Q9: Table 5.10 | R9: SOC=SOCref*FLU*FMG*FI*A | S9: SOC=SOCref*FLU*FMG*FI*A | T9: ∆CMineral as in Equation 2.25= (SOCo-SOCo-t)/D | V9: Tropical Moist 10% of Total Forest Land | X9: Table 2.3; Chap 2, Sec. 2.3.3.1 | Y9: Table 2.3 | Z9: (default is 20 yr; if T>D then use the value of T) | AA9: Table 5.5 | AB9: Table 5.5 | AC9: Table 5.5 | AD9: Table 5.10 | AE9: Table 5.10 | AF9: Table 5.10 | AG9: SOC=SOCref*FLU*FMG*FI*A | AH9: SOC=SOCref*FLU*FMG*FI*A | AI9: ∆CMineral as in Equation 2.25= (SOCo-SOCo-t)/D
E10: A | G10: A | H10: A | I10: SOCref(0) | J10: SOCref(T-0) | K10: D | L10: FLU(0) | M10: FMG(0) | N10: FI(0) | O10: FLU(0-T) | P10: FMG(0-T) | Q10: FI(0-T) | R10: SOCo | S10: SOCo-t | T10: ∆CMineral | V10: A | W10: A | X10: SOCref(0) | Y10: SOCref(T-0) | Z10: D | AA10: FLU(0) | AB10: FMG(0) | AC10: FI(0) | AD10: FLU(0-T) | AE10: FMG(0-T) | AF10: FI(0-T) | AG10: SOCo | AH10: SOCo-t | AI10: ∆CMineral
A11: CL, GL, WL, SL, OL | B11: FL | C11: Ahmadabad Total | D11: 2015 | E11: ='Dist_Wise Forest Land A1.9'!E10 -> 7696.4856 | F11: Tropical Dry | G11: =E11*90% -> 6926.837 | I11: 34.67 | J11: 34.666667 | K11: 20 | L11: 0.58 | M11: 1.09 | N11: 0.95 | O11: 0.72 | P11: 0.98 | Q11: 0.98 | R11: =L11*M11*N11*H11*I11 -> 0 | S11: =J11*O11*P11*Q11*H11 -> 0 | T11: =(R11-S11)/K11 -> 0 | U11: Tropical Moist | V11: =E11*10% -> 769.64856 | X11: 52 | Y11: 52 | Z11: 20 | AA11: 0.58 | AB11: 1.09 | AC11: 0.95 | AD11: 0.72 | AE11: 0.98 | AF11: 0.98 | AG11: =AA11*AB11*AC11*X11*W11 -> 0 | AH11: =Y11*AD11*AE11*AF11*W11 -> 0 | AI11: =(AG11-AH11)/Z11 -> 0
A12: CL, GL, WL, SL, OL | B12: FL | C12: Amreli Total | D12: 2015 | E12: ='Dist_Wise Forest Land A1.9'!E11 -> 59024.916 | F12: Tropical Dry | G12: =E12*90% -> 53122.424 | H12: =G12-G11 -> 46195.587 | I12: 34.67 | J12: 34.666667 | K12: 20 | L12: 0.58 | M12: 1.09 | N12: 0.95 | O12: 0.72 | P12: 0.98 | Q12: 0.98 | R12: =L12*M12*N12*H12*I12 -> 961905.55 | S12: =J12*O12*P12*Q12*H12 -> 1107381.4 | T12: =(R12-S12)/K12 -> -7273.7925 | U12: Tropical Moist | V12: =E12*10% -> 5902.4916 | W12: =V12-V11 -> 5132.843 | X12: 52 | Y12: 52 | Z12: 20 | AA12: 0.58 | AB12: 1.09 | AC12: 0.95 | AD12: 0.72 | AE12: 0.98 | AF12: 0.98 | AG12: =AA12*AB12*AC12*X12*W12 -> 160302.18 | AH12: =Y12*AD12*AE12*AF12*W12 -> 184563.57 | AI12: =(AG12-AH12)/Z12 -> -1213.0694
A13: CL, GL, WL, SL, OL | B13: FL | C13: Anand Total | D13: 2015 | E13: ='Dist_Wise Forest Land A1.9'!E12 -> 10547.31 | F13: Tropical Dry | G13: =E13*90% -> 9492.579 | H13: =G13-G12 -> -43629.845 | I13: 34.67 | J13: 34.666667 | K13: 20 | L13: 0.58 | M13: 1.09 | N13: 0.95 | O13: 0.72 | P13: 0.98 | Q13: 0.98 | R13: =L13*M13*N13*H13*I13 -> -908480.51 | S13: =J13*O13*P13*Q13*H13 -> -1045876.5 | T13: =(R13-S13)/K13 -> 6869.7999 | U13: Tropical Moist | V13: =E13*10% -> 1054.731 | W13: =V13-V12 -> -4847.7606 | X13: 52 | Y13: 52 | Z13: 20 | AA13: 0.58 | AB13: 1.09 | AC13: 0.95 | AD13: 0.72 | AE13: 0.98 | AF13: 0.98 | AG13: =AA13*AB13*AC13*X13*W13 -> -151398.86 | AH13: =Y13*AD13*AE13*AF13*W13 -> -174312.75 | AI13: =(AG13-AH13)/Z13 -> 1145.6945
A14: CL, GL, WL, SL, OL | B14: FL | C14: Arvalli Total | D14: 2015 | E14: ='Dist_Wise Forest Land A1.9'!E13 -> 159940.63 | F14: Tropical Dry | G14: =E14*90% -> 143946.57 | H14: =G14-G13 -> 134453.99 | I14: 34.67 | J14: 34.666667 | K14: 20 | L14: 0.58 | M14: 1.09 | N14: 0.95 | O14: 0.72 | P14: 0.98 | Q14: 0.98 | R14: =L14*M14*N14*H14*I14 -> 2799662.1 | S14: =J14*O14*P14*Q14*H14 -> 3223075.1 | T14: =(R14-S14)/K14 -> -21170.646 | U14: Tropical Moist | V14: =E14*10% -> 15994.063 | W14: =V14-V13 -> 14939.332 | X14: 52 | Y14: 52 | Z14: 20 | AA14: 0.58 | AB14: 1.09 | AC14: 0.95 | AD14: 0.72 | AE14: 0.98 | AF14: 0.98 | AG14: =AA14*AB14*AC14*X14*W14 -> 466565.5 | AH14: =Y14*AD14*AE14*AF14*W14 -> 537179.18 | AI14: =(AG14-AH14)/Z14 -> -3530.684
A15: CL, GL, WL, SL, OL | B15: FL | C15: Banas_Kantha Total | D15: 2015 | E15: ='Dist_Wise Forest Land A1.9'!E14 -> 98551.93 | F15: Tropical Dry | G15: =E15*90% -> 88696.737 | H15: =G15-G14 -> -55249.829 | I15: 34.67 | J15: 34.666667 | K15: 20 | L15: 0.58 | M15: 1.09 | N15: 0.95 | O15: 0.72 | P15: 0.98 | Q15: 0.98 | R15: =L15*M15*N15*H15*I15 -> -1150437.1 | S15: =J15*O15*P15*Q15*H15 -> -1324425.9 | T15: =(R15-S15)/K15 -> 8699.4411 | U15: Tropical Moist | V15: =E15*10% -> 9855.193 | W15: =V15-V14 -> -6138.8699 | X15: 52 | Y15: 52 | Z15: 20 | AA15: 0.58 | AB15: 1.09 | AC15: 0.95 | AD15: 0.72 | AE15: 0.98 | AF15: 0.98 | AG15: =AA15*AB15*AC15*X15*W15 -> -191721.08 | AH15: =Y15*AD15*AE15*AF15*W15 -> -220737.65 | AI15: =(AG15-AH15)/Z15 -> 1450.8286
A16: CL, GL, WL, SL, OL | B16: FL | C16: Bharuch Total | D16: 2015 | E16: ='Dist_Wise Forest Land A1.9'!E15 -> 20779.118 | F16: Tropical Dry | G16: =E16*90% -> 18701.207 | H16: =G16-G15 -> -69995.531 | I16: 34.67 | J16: 34.666667 | K16: 20 | L16: 0.58 | M16: 1.09 | N16: 0.95 | O16: 0.72 | P16: 0.98 | Q16: 0.98 | R16: =L16*M16*N16*H16*I16 -> -1457478.8 | S16: =J16*O16*P16*Q16*H16 -> -1677903.7 | T16: =(R16-S16)/K16 -> 11021.247 | U16: Tropical Moist | V16: =E16*10% -> 2077.9118 | W16: =V16-V15 -> -7777.2812 | X16: 52 | Y16: 52 | Z16: 20 | AA16: 0.58 | AB16: 1.09 | AC16: 0.95 | AD16: 0.72 | AE16: 0.98 | AF16: 0.98 | AG16: =AA16*AB16*AC16*X16*W16 -> -242889.78 | AH16: =Y16*AD16*AE16*AF16*W16 -> -279650.62 | AI16: =(AG16-AH16)/Z16 -> 1838.0422
A17: CL, GL, WL, SL, OL | B17: FL | C17: Bhavnagar Total | D17: 2015 | E17: ='Dist_Wise Forest Land A1.9'!E16 -> 30892.888 | F17: Tropical Dry | G17: =E17*90% -> 27803.599 | H17: =G17-G16 -> 9102.3929 | I17: 34.67 | J17: 34.666667 | K17: 20 | L17: 0.58 | M17: 1.09 | N17: 0.95 | O17: 0.72 | P17: 0.98 | Q17: 0.98 | R17: =L17*M17*N17*H17*I17 -> 189534.17 | S17: =J17*O17*P17*Q17*H17 -> 218198.78 | T17: =(R17-S17)/K17 -> -1433.2303 | U17: Tropical Moist | V17: =E17*10% -> 3089.2888 | W17: =V17-V16 -> 1011.377 | X17: 52 | Y17: 52 | Z17: 20 | AA17: 0.58 | AB17: 1.09 | AC17: 0.95 | AD17: 0.72 | AE17: 0.98 | AF17: 0.98 | AG17: =AA17*AB17*AC17*X17*W17 -> 31585.991 | AH17: =Y17*AD17*AE17*AF17*W17 -> 36366.463 | AI17: =(AG17-AH17)/Z17 -> -239.02358
A18: CL, GL, WL, SL, OL | B18: FL | C18: Botad Total | D18: 2015 | E18: ='Dist_Wise Forest Land A1.9'!E17 -> 3702.4791 | F18: Tropical Dry | G18: =E18*90% -> 3332.2312 | H18: =G18-G17 -> -24471.368 | I18: 34.67 | J18: 34.666667 | K18: 20 | L18: 0.58 | M18: 1.09 | N18: 0.95 | O18: 0.72 | P18: 0.98 | Q18: 0.98 | R18: =L18*M18*N18*H18*I18 -> -509553.97 | S18: =J18*O18*P18*Q18*H18 -> -586617.46 | T18: =(R18-S18)/K18 -> 3853.1744 | U18: Tropical Moist | V18: =E18*10% -> 370.24791 | W18: =V18-V17 -> -2719.0409 | X18: 52 | Y18: 52 | Z18: 20 | AA18: 0.58 | AB18: 1.09 | AC18: 0.95 | AD18: 0.72 | AE18: 0.98 | AF18: 0.98 | AG18: =AA18*AB18*AC18*X18*W18 -> -84917.497 | AH18: =Y18*AD18*AE18*AF18*W18 -> -97769.577 | AI18: =(AG18-AH18)/Z18 -> 642.60399
A19: CL, GL, WL, SL, OL | B19: FL | C19: Chhotaudepur Total | D19: 2015 | E19: ='Dist_Wise Forest Land A1.9'!E18 -> 176061.47 | F19: Tropical Dry | G19: =E19*90% -> 158455.33 | H19: =G19-G18 -> 155123.09 | I19: 34.67 | J19: 34.666667 | K19: 20 | L19: 0.58 | M19: 1.09 | N19: 0.95 | O19: 0.72 | P19: 0.98 | Q19: 0.98 | R19: =L19*M19*N19*H19*I19 -> 3230043.7 | S19: =J19*O19*P19*Q19*H19 -> 3718546.3 | T19: =(R19-S19)/K19 -> -24425.13 | U19: Tropical Moist | V19: =E19*10% -> 17606.147 | W19: =V19-V18 -> 17235.899 | X19: 52 | Y19: 52 | Z19: 20 | AA19: 0.58 | AB19: 1.09 | AC19: 0.95 | AD19: 0.72 | AE19: 0.98 | AF19: 0.98 | AG19: =AA19*AB19*AC19*X19*W19 -> 538288.86 | AH19: =Y19*AD19*AE19*AF19*W19 -> 619757.72 | AI19: =(AG19-AH19)/Z19 -> -4073.4428
A20: CL, GL, WL, SL, OL | B20: FL | C20: Dahod Total | D20: 2015 | E20: ='Dist_Wise Forest Land A1.9'!E19 -> 153720.13 | F20: Tropical Dry | G20: =E20*90% -> 138348.11 | H20: =G20-G19 -> -20107.213 | I20: 34.67 | J20: 34.666667 | K20: 20 | L20: 0.58 | M20: 1.09 | N20: 0.95 | O20: 0.72 | P20: 0.98 | Q20: 0.98 | R20: =L20*M20*N20*H20*I20 -> -418681.54 | S20: =J20*O20*P20*Q20*H20 -> -482001.74 | T20: =(R20-S20)/K20 -> 3166.0101 | U20: Tropical Moist | V20: =E20*10% -> 15372.013 | W20: =V20-V19 -> -2234.1348 | X20: 52 | Y20: 52 | Z20: 20 | AA20: 0.58 | AB20: 1.09 | AC20: 0.95 | AD20: 0.72 | AE20: 0.98 | AF20: 0.98 | AG20: =AA20*AB20*AC20*X20*W20 -> -69773.548 | AH20: =Y20*AD20*AE20*AF20*W20 -> -80333.624 | AI20: =(AG20-AH20)/Z20 -> 528.00379
A21: CL, GL, WL, SL, OL | B21: FL | C21: Dangs Total | D21: 2015 | E21: ='Dist_Wise Forest Land A1.9'!E20 -> 169067.12 | F21: Tropical Dry | G21: =E21*90% -> 152160.41 | H21: =G21-G20 -> 13812.296 | I21: 34.67 | J21: 34.666667 | K21: 20 | L21: 0.58 | M21: 1.09 | N21: 0.95 | O21: 0.72 | P21: 0.98 | Q21: 0.98 | R21: =L21*M21*N21*H21*I21 -> 287605.92 | S21: =J21*O21*P21*Q21*H21 -> 331102.61 | T21: =(R21-S21)/K21 -> -2174.8349 | U21: Tropical Moist | V21: =E21*10% -> 16906.712 | W21: =V21-V20 -> 1534.6996 | X21: 52 | Y21: 52 | Z21: 20 | AA21: 0.58 | AB21: 1.09 | AC21: 0.95 | AD21: 0.72 | AE21: 0.98 | AF21: 0.98 | AG21: =AA21*AB21*AC21*X21*W21 -> 47929.711 | AH21: =Y21*AD21*AE21*AF21*W21 -> 55183.769 | AI21: =(AG21-AH21)/Z21 -> -362.70291
A22: CL, GL, WL, SL, OL | B22: FL | C22: Devbhumi Dwarka Total | D22: 2015 | E22: ='Dist_Wise Forest Land A1.9'!E21 -> 4672.2916 | F22: Tropical Dry | G22: =E22*90% -> 4205.0625 | H22: =G22-G21 -> -147955.35 | I22: 34.67 | J22: 34.666667 | K22: 20 | L22: 0.58 | M22: 1.09 | N22: 0.95 | O22: 0.72 | P22: 0.98 | Q22: 0.98 | R22: =L22*M22*N22*H22*I22 -> -3080793.6 | S22: =J22*O22*P22*Q22*H22 -> -3546724 | T22: =(R22-S22)/K22 -> 23296.521 | U22: Tropical Moist | V22: =E22*10% -> 467.22916 | W22: =V22-V21 -> -16439.483 | X22: 52 | Y22: 52 | Z22: 20 | AA22: 0.58 | AB22: 1.09 | AC22: 0.95 | AD22: 0.72 | AE22: 0.98 | AF22: 0.98 | AG22: =AA22*AB22*AC22*X22*W22 -> -513416.23 | AH22: =Y22*AD22*AE22*AF22*W22 -> -591120.67 | AI22: =(AG22-AH22)/Z22 -> 3885.2219
A23: CL, GL, WL, SL, OL | B23: FL | C23: Gandhinagar Total | D23: 2015 | E23: ='Dist_Wise Forest Land A1.9'!E22 -> 46346.532 | F23: Tropical Dry | G23: =E23*90% -> 41711.879 | H23: =G23-G22 -> 37506.816 | I23: 34.67 | J23: 34.666667 | K23: 20 | L23: 0.58 | M23: 1.09 | N23: 0.95 | O23: 0.72 | P23: 0.98 | Q23: 0.98 | R23: =L23*M23*N23*H23*I23 -> 780984 | S23: =J23*O23*P23*Q23*H23 -> 899097.79 | T23: =(R23-S23)/K23 -> -5905.6896 | U23: Tropical Moist | V23: =E23*10% -> 4634.6532 | W23: =V23-V22 -> 4167.424 | X23: 52 | Y23: 52 | Z23: 20 | AA23: 0.58 | AB23: 1.09 | AC23: 0.95 | AD23: 0.72 | AE23: 0.98 | AF23: 0.98 | AG23: =AA23*AB23*AC23*X23*W23 -> 130151.49 | AH23: =Y23*AD23*AE23*AF23*W23 -> 149849.63 | AI23: =(AG23-AH23)/Z23 -> -984.90732
... A274: CL, GL, WL, SL, OL | B274: FL | C274: Valsad Total | D274: 2022 | E274: ='Dist_Wise Forest Land A1.9'!E273 -> 169471.68 | F274: Tropical Dry | G274: =E274*90% -> 152524.52 | H274: =G274-G273 -> 107455.01 | I274: 34.67 | J274: 34.666667 | K274: 20 | L274: 0.58 | M274: 1.09 | N274: 0.95 | O274: 0.72 | P274: 0.98 | Q274: 0.98 | R274: =L274*M274*N274*H274*I274 -> 2237477.1 | S274: =J274*O274*P274*Q274*H274 -> 2575866.8 | T274: =(R274-S274)/K274 -> -16919.483 | U274: Tropical Moist | V274: =E274*10% -> 16947.168 | W274: =V274-V273 -> 11939.445 | X274: 52 | Y274: 52 | Z274: 20 | AA274: 0.58 | AB274: 1.09 | AC274: 0.95 | AD274: 0.72 | AE274: 0.98 | AF274: 0.98 | AG274: =AA274*AB274*AC274*X274*W274 -> 372877 | AH274: =Y274*AD274*AE274*AF274*W274 -> 429311.13 | AI274: =(AG274-AH274)/Z274 -> -2821.7065

Sheet GLC Wetlands
C1: year
A2: district_name | B2: type_name | C2: 2015 | D2: 2016 | E2: 2017 | F2: 2018 | G2: 2019 | H2: 2020 | I2: 2021 | J2: 2022
A3: Ahmadabad
B4: Flooded flat | C4: 6220.503 | D4: 6938.865 | E4: 7171.394 | F4: 8230.258 | G4: 8310.349 | H4: 8389.824 | I4: 6427.168 | J4: 6079.341
B5: Mangrove | E5: 9.214536 | F5: 2.764018 | G5: 0.921352 | I5: 2.763703 | J5: 1.842516
B6: Marsh | C6: 3562.288 | D6: 3525.226 | E6: 2795.348 | F6: 3110.482 | G6: 3632.993 | H6: 3866.17 | I6: 2719.939 | J6: 3087.903
B7: Tidal flat | C7: 1082.701 | D7: 1076.259 | E7: 985.0091 | F7: 1034.783 | G7: 1073.485 | H7: 1087.328 | I7: 1105.783 | J7: 1069.848
B8: Water body | C8: 2932.805 | D8: 2859.256 | E8: 2790.128 | F8: 2923.369 | G8: 2717.411 | H8: 2256.936 | I8: 3414.438 | J8: 3353.857
A9: Ahmadabad Total | C9: =SUM(C4:C8) -> 13798.297 | D9: =SUM(D4:D8) -> 14399.606 | E9: =SUM(E4:E8) -> 13751.094 | F9: =SUM(F4:F8) -> 15301.656 | G9: =SUM(G4:G8) -> 15735.159 | H9: =SUM(H4:H8) -> 15600.258 | I9: =SUM(I4:I8) -> 13670.092 | J9: =SUM(J4:J8) -> 13592.792
A10: Amreli
B11: Flooded flat | C11: 3996.502 | D11: 4057.174 | E11: 4047.467 | F11: 3810.046 | G11: 4153.294 | H11: 5062.22 | I11: 5047.84 | J11: 4842.32
B12: Mangrove | C12: 81.98316 | D12: 107.1362 | E12: 105.2771 | F12: 84.78077 | G12: 104.3393 | H12: 124.8283 | I12: 103.4039 | J12: 100.6167
B13: Marsh | C13: 1827.458 | D13: 1633.212 | E13: 1370.186 | F13: 1364.387 | G13: 1626.586 | H13: 1873.392 | I13: 995.8488 | J13: 1047.362
B14: Tidal flat | C14: 44.70471 | D14: 38.18668 | E14: 38.18502 | F14: 45.63739 | G14: 51.23146 | H14: 43.77209 | I14: 55.87939 | J14: 47.49985
B15: Water body | C15: 2932.805 | D15: 2859.256 | E15: 2790.128 | F15: 2923.369 | G15: 2717.411 | H15: 2256.936 | I15: 3414.438 | J15: 3353.857
A16: Amreli Total | C16: =SUM(C11:C15) -> 8883.4529 | D16: =SUM(D11:D15) -> 8694.9649 | E16: =SUM(E11:E15) -> 8351.2431 | F16: =SUM(F11:F15) -> 8228.2202 | G16: =SUM(G11:G15) -> 8652.8618 | H16: =SUM(H11:H15) -> 9361.1484 | I16: =SUM(I11:I15) -> 9617.4101 | J16: =SUM(J11:J15) -> 9391.6555
A17: Anand
B18: Flooded flat | C18: 3896.638 | D18: 4239.463 | E18: 4682.771 | F18: 4902.022 | G18: 4975.634 | H18: 4497.417 | I18: 4016.498 | J18: 3602.724
B19: Mangrove | C19: 12.90392 | D19: 14.74681 | E19: 16.58859 | F19: 13.82424 | G19: 24.88104 | H19: 23.9615 | I19: 9.21754 | J19: 21.20135
B20: Marsh | C20: 648.1971 | D20: 648.1252 | E20: 678.5712 | F20: 826.8336 | G20: 576.3656 | H20: 545.9336 | I20: 508.2542 | J20: 479.7504
B21: Salt marsh | G21: 0.921353 | H21: 0.921353 | I21: 0.921361 | J21: 1.842714
B22: Water body | C22: 2312.09 | D22: 2421.74 | E22: 2329.541 | F22: 2140.637 | G22: 2250.053 | H22: 2512.455 | I22: 2677.22 | J22: 2793.206
A23: Anand Total | C23: =SUM(C18:C22) -> 6869.829 | D23: =SUM(D18:D22) -> 7324.075 | E23: =SUM(E18:E22) -> 7707.4718 | F23: =SUM(F18:F22) -> 7883.3168 | G23: =SUM(G18:G22) -> 7827.855 | H23: =SUM(H18:H22) -> 7580.6885 | I23: =SUM(I18:I22) -> 7212.1111 | J23: =SUM(J18:J22) -> 6898.7245
A24: Banas_Kantha
B25: Flooded flat | C25: 1052.349 | D25: 1135.939 | E25: 1343.774 | F25: 1248.581 | G25: 1089.721 | H25: 893.5014 | I25: 853.45 | J25: 856.9433
B26: Marsh | C26: 2386.465 | D26: 3221.182 | E26: 3047.752 | F26: 3398.456 | G26: 2671.803 | H26: 2274.499 | I26: 2110.917 | J26: 1533.19
B27: Saline | C27: 2769.514 | D27: 2960.904 | E27: 2934.715 | F27: 2704.509 | G27: 2707.574 | H27: 2754.774 | I27: 2682.84 | J27: 2708.131
B28: Water body | C28: 2361.638 | D28: 2258.891 | E28: 2437.706 | F28: 1911.579 | G28: 1917.969 | H28: 1853.738 | I28: 1986.408 | J28: 2276.993
A29: Banas_Kantha Total | C29: =SUM(C24:C28) -> 8569.966 | D29: =SUM(D24:D28) -> 9576.916 | E29: =SUM(E24:E28) -> 9763.947 | F29: =SUM(F24:F28) -> 9263.125 | G29: =SUM(G24:G28) -> 8387.067 | H29: =SUM(H24:H28) -> 7776.5124 | I29: =SUM(I24:I28) -> 7633.615 | J29: =SUM(J24:J28) -> 7375.2573
A30: Bharuch
B31: Flooded flat | C31: 22129.48 | D31: 23464.22 | E31: 22873.24 | F31: 23679.78 | G31: 21906.63 | H31: 21574.61 | I31: 20914.33 | J31: 20104.05
B32: Mangrove | C32: 386.5581 | D32: 412.4558 | E32: 481.8121 | F32: 488.2459 | G32: 561.1591 | H32: 560.2693 | I32: 560.3448 | J32: 570.4499
B33: Marsh | C33: 1405.446 | D33: 1351.787 | E33: 1295.257 | F33: 1493.304 | G33: 1788.36 | H33: 2300.098 | I33: 2297.969 | J33: 2210.181
B34: Salt marsh | C34: 4.62175 | D34: 11.0849 | E34: 27.69262 | F34: 40.61384 | G34: 59.05824 | H34: 78.42168 | I34: 91.34395 | J34: 87.65527
B35: Tidal flat | C35: 1664.011 | D35: 1610.455 | E35: 1531.098 | F35: 1555.998 | G35: 1479.476 | H35: 1444.335 | I35: 1619.62 | J35: 1594.638
B36: Water body | C36: 9815.425 | D36: 9967.801 | E36: 9807.482 | F36: 9771.21 | G36: 10561.06 | H36: 11637.57 | I36: 12224.89 | J36: 12919.78
A37: Bharuch Total | C37: =SUM(C32:C36) -> 13276.062 | D37: =SUM(D32:D36) -> 13353.584 | E37: =SUM(E32:E36) -> 13143.342 | F37: =SUM(F32:F36) -> 13349.372 | G37: =SUM(G32:G36) -> 14449.113 | H37: =SUM(H32:H36) -> 16020.694 | I37: =SUM(I32:I36) -> 16794.168 | J37: =SUM(J32:J36) -> 17382.704
A38: Bhavnagar
B39: Flooded flat | C39: 17277.11 | D39: 18158.87 | E39: 17461.95 | F39: 17880.94 | G39: 17674.02 | H39: 17973.68 | I39: 15776.27 | J39: 16421.01
B40: Mangrove | C40: 1595.249 | D40: 1595.241 | E40: 1581.389 | F40: 1580.462 | G40: 1609.152 | H40: 1598.993 | I40: 1595.27 | J40: 1574.921
